ISO-10303-21;
HEADER;

/* File generated by Shapr3D Version 26.90.10979.0 */

FILE_DESCRIPTION(('HOOPS Exchange Step'),'2;1');

FILE_NAME('C:\\Users\\Linus\\AppData\\Local\\Packages\\Shapr3D.Shapr3D_dvv5p1vgwv6mp\\TempState\\export\\temp_export',
'2026-06-03T20:44:20+08:00',
('Linus'),
('Shapr3D Limited'),
'HOOPS Exchange 2026.3',
'Shapr3D',
'Authorized');

FILE_SCHEMA( ('AP242_MANAGED_MODEL_BASED_3D_ENGINEERING_MIM_LF {1 0 10303 442 1 1 4}') );

ENDSEC;

DATA;
#3=(NAMED_UNIT(*)PLANE_ANGLE_UNIT()SI_UNIT($,.RADIAN.));
#4=PLANE_ANGLE_MEASURE_WITH_UNIT(PLANE_ANGLE_MEASURE(0.0174532925),#3);
#5=(CONVERSION_BASED_UNIT('DEGREE',#4)NAMED_UNIT(#6)PLANE_ANGLE_UNIT());
#6=DIMENSIONAL_EXPONENTS(0.,0.,0.,0.,0.,0.,0.);
#7=(NAMED_UNIT(*)SI_UNIT($,.STERADIAN.)SOLID_ANGLE_UNIT());
#8=(LENGTH_UNIT()NAMED_UNIT(*)SI_UNIT(.MILLI.,.METRE.));
#9=UNCERTAINTY_MEASURE_WITH_UNIT(LENGTH_MEASURE(1.000000E-05),#8,'DISTANCE_ACCURACY_VALUE','Maximum Tolerance applied to model');
#10=(GEOMETRIC_REPRESENTATION_CONTEXT(3)GLOBAL_UNCERTAINTY_ASSIGNED_CONTEXT((#9))GLOBAL_UNIT_ASSIGNED_CONTEXT((#8,#5,#7))REPRESENTATION_CONTEXT('','root'));
#12=CARTESIAN_POINT('',(0.,0.,0.));
#13=DIRECTION('',(0.,0.,1.));
#14=DIRECTION('',(1.,0.,0.));
#15=AXIS2_PLACEMENT_3D('',#12,#13,#14);
#27=CARTESIAN_POINT('',(164.939955007,-58.417535902,-4.352166835));
#28=DIRECTION('',(0.,0.,-1.));
#29=DIRECTION('',(-0.707106781,-0.707106781,-0.));
#30=AXIS2_PLACEMENT_3D('',#27,#28,#29);
#31=PLANE('',#30);
#32=CARTESIAN_POINT('',(155.784985787,-110.741535902,-4.352166835));
#33=VERTEX_POINT('',#32);
#34=CARTESIAN_POINT('',(147.605826242,-110.741535902,-4.352166835));
#35=VERTEX_POINT('',#34);
#36=CARTESIAN_POINT('',(147.605826242,-110.741535902,-4.352166835));
#37=CARTESIAN_POINT('',(147.605826242,-110.206283199,-4.352166835));
#38=CARTESIAN_POINT('',(147.712294624,-109.671030496,-4.352166835));
#39=CARTESIAN_POINT('',(147.917126966,-109.176521478,-4.352166835));
#40=CARTESIAN_POINT('',(148.121959307,-108.682012461,-4.352166835));
#41=CARTESIAN_POINT('',(148.425155609,-108.228247129,-4.352166835));
#42=CARTESIAN_POINT('',(148.803636425,-107.849766313,-4.352166835));
#43=CARTESIAN_POINT('',(149.182117241,-107.471285497,-4.352166835));
#44=CARTESIAN_POINT('',(149.635882572,-107.168089196,-4.352166835));
#45=CARTESIAN_POINT('',(150.13039159,-106.963256854,-4.352166835));
#46=CARTESIAN_POINT('',(150.624900607,-106.758424512,-4.352166835));
#47=CARTESIAN_POINT('',(151.160153311,-106.65195613,-4.352166835));
#48=CARTESIAN_POINT('',(151.695406014,-106.65195613,-4.352166835));
#49=CARTESIAN_POINT('',(152.230658718,-106.65195613,-4.352166835));
#50=CARTESIAN_POINT('',(152.765911421,-106.758424512,-4.352166835));
#51=CARTESIAN_POINT('',(153.260420439,-106.963256854,-4.352166835));
#52=CARTESIAN_POINT('',(153.754929456,-107.168089196,-4.352166835));
#53=CARTESIAN_POINT('',(154.208694787,-107.471285497,-4.352166835));
#54=CARTESIAN_POINT('',(154.587175604,-107.849766313,-4.352166835));
#55=CARTESIAN_POINT('',(154.96565642,-108.228247129,-4.352166835));
#56=CARTESIAN_POINT('',(155.268852721,-108.682012461,-4.352166835));
#57=CARTESIAN_POINT('',(155.473685063,-109.176521478,-4.352166835));
#58=CARTESIAN_POINT('',(155.678517404,-109.671030496,-4.352166835));
#59=CARTESIAN_POINT('',(155.784985787,-110.206283199,-4.352166835));
#60=CARTESIAN_POINT('',(155.784985787,-110.741535902,-4.352166835));
#61=CARTESIAN_POINT('',(155.784985787,-111.276788606,-4.352166835));
#62=CARTESIAN_POINT('',(155.678517404,-111.812041309,-4.352166835));
#63=CARTESIAN_POINT('',(155.473685063,-112.306550327,-4.352166835));
#64=CARTESIAN_POINT('',(155.268852721,-112.801059344,-4.352166835));
#65=CARTESIAN_POINT('',(154.96565642,-113.254824676,-4.352166835));
#66=CARTESIAN_POINT('',(154.587175604,-113.633305492,-4.352166835));
#67=CARTESIAN_POINT('',(154.208694787,-114.011786308,-4.352166835));
#68=CARTESIAN_POINT('',(153.754929456,-114.314982609,-4.352166835));
#69=CARTESIAN_POINT('',(153.260420439,-114.519814951,-4.352166835));
#70=CARTESIAN_POINT('',(152.765911421,-114.724647293,-4.352166835));
#71=CARTESIAN_POINT('',(152.230658718,-114.831115675,-4.352166835));
#72=CARTESIAN_POINT('',(151.695406014,-114.831115675,-4.352166835));
#73=CARTESIAN_POINT('',(151.160153311,-114.831115675,-4.352166835));
#74=CARTESIAN_POINT('',(150.624900607,-114.724647293,-4.352166835));
#75=CARTESIAN_POINT('',(150.13039159,-114.519814951,-4.352166835));
#76=CARTESIAN_POINT('',(149.635882572,-114.314982609,-4.352166835));
#77=CARTESIAN_POINT('',(149.182117241,-114.011786308,-4.352166835));
#78=CARTESIAN_POINT('',(148.803636425,-113.633305492,-4.352166835));
#79=CARTESIAN_POINT('',(148.425155609,-113.254824676,-4.352166835));
#80=CARTESIAN_POINT('',(148.121959307,-112.801059344,-4.352166835));
#81=CARTESIAN_POINT('',(147.917126966,-112.306550327,-4.352166835));
#82=CARTESIAN_POINT('',(147.712294624,-111.812041309,-4.352166835));
#83=CARTESIAN_POINT('',(147.605826242,-111.276788606,-4.352166835));
#84=CARTESIAN_POINT('',(147.605826242,-110.741535902,-4.352166835));
#85=B_SPLINE_CURVE_WITH_KNOTS('',3,(#36,#37,#38,#39,#40,#41,#42,#43,#44,#45,#46,#47,#48,#49,#50,#51,#52,#53,#54,#55,#56,#57,#58,#59,#60,#61,
#62,#63,#64,#65,#66,#67,#68,#69,#70,#71,#72,#73,#74,#75,#76,#77,#78,#79,#80,#81,#82,#83,#84),.UNSPECIFIED.,.T.,.F.,(4,3,3,3,3,3,3,3,3,3,3,3,3,3,3,3,4),(0.,0.0625,0.125,0.1875,0.25,0.3125,0.375,0.4375,0.5,0.5625,0.625,0.6875,0.75,0.8125,0.875,0.9375,1.),.UNSPECIFIED.);
#86=EDGE_CURVE('',#33,#35,#85,.T.);
#87=ORIENTED_EDGE('',*,*,#86,.F.);
#88=CARTESIAN_POINT('',(147.605826242,-110.741535902,-4.352166835));
#89=CARTESIAN_POINT('',(147.605826242,-110.206283199,-4.352166835));
#90=CARTESIAN_POINT('',(147.712294624,-109.671030496,-4.352166835));
#91=CARTESIAN_POINT('',(147.917126966,-109.176521478,-4.352166835));
#92=CARTESIAN_POINT('',(148.121959307,-108.682012461,-4.352166835));
#93=CARTESIAN_POINT('',(148.425155609,-108.228247129,-4.352166835));
#94=CARTESIAN_POINT('',(148.803636425,-107.849766313,-4.352166835));
#95=CARTESIAN_POINT('',(149.182117241,-107.471285497,-4.352166835));
#96=CARTESIAN_POINT('',(149.635882572,-107.168089196,-4.352166835));
#97=CARTESIAN_POINT('',(150.13039159,-106.963256854,-4.352166835));
#98=CARTESIAN_POINT('',(150.624900607,-106.758424512,-4.352166835));
#99=CARTESIAN_POINT('',(151.160153311,-106.65195613,-4.352166835));
#100=CARTESIAN_POINT('',(151.695406014,-106.65195613,-4.352166835));
#101=CARTESIAN_POINT('',(152.230658718,-106.65195613,-4.352166835));
#102=CARTESIAN_POINT('',(152.765911421,-106.758424512,-4.352166835));
#103=CARTESIAN_POINT('',(153.260420439,-106.963256854,-4.352166835));
#104=CARTESIAN_POINT('',(153.754929456,-107.168089196,-4.352166835));
#105=CARTESIAN_POINT('',(154.208694787,-107.471285497,-4.352166835));
#106=CARTESIAN_POINT('',(154.587175604,-107.849766313,-4.352166835));
#107=CARTESIAN_POINT('',(154.96565642,-108.228247129,-4.352166835));
#108=CARTESIAN_POINT('',(155.268852721,-108.682012461,-4.352166835));
#109=CARTESIAN_POINT('',(155.473685063,-109.176521478,-4.352166835));
#110=CARTESIAN_POINT('',(155.678517404,-109.671030496,-4.352166835));
#111=CARTESIAN_POINT('',(155.784985787,-110.206283199,-4.352166835));
#112=CARTESIAN_POINT('',(155.784985787,-110.741535902,-4.352166835));
#113=CARTESIAN_POINT('',(155.784985787,-111.276788606,-4.352166835));
#114=CARTESIAN_POINT('',(155.678517404,-111.812041309,-4.352166835));
#115=CARTESIAN_POINT('',(155.473685063,-112.306550327,-4.352166835));
#116=CARTESIAN_POINT('',(155.268852721,-112.801059344,-4.352166835));
#117=CARTESIAN_POINT('',(154.96565642,-113.254824676,-4.352166835));
#118=CARTESIAN_POINT('',(154.587175604,-113.633305492,-4.352166835));
#119=CARTESIAN_POINT('',(154.208694787,-114.011786308,-4.352166835));
#120=CARTESIAN_POINT('',(153.754929456,-114.314982609,-4.352166835));
#121=CARTESIAN_POINT('',(153.260420439,-114.519814951,-4.352166835));
#122=CARTESIAN_POINT('',(152.765911421,-114.724647293,-4.352166835));
#123=CARTESIAN_POINT('',(152.230658718,-114.831115675,-4.352166835));
#124=CARTESIAN_POINT('',(151.695406014,-114.831115675,-4.352166835));
#125=CARTESIAN_POINT('',(151.160153311,-114.831115675,-4.352166835));
#126=CARTESIAN_POINT('',(150.624900607,-114.724647293,-4.352166835));
#127=CARTESIAN_POINT('',(150.13039159,-114.519814951,-4.352166835));
#128=CARTESIAN_POINT('',(149.635882572,-114.314982609,-4.352166835));
#129=CARTESIAN_POINT('',(149.182117241,-114.011786308,-4.352166835));
#130=CARTESIAN_POINT('',(148.803636425,-113.633305492,-4.352166835));
#131=CARTESIAN_POINT('',(148.425155609,-113.254824676,-4.352166835));
#132=CARTESIAN_POINT('',(148.121959307,-112.801059344,-4.352166835));
#133=CARTESIAN_POINT('',(147.917126966,-112.306550327,-4.352166835));
#134=CARTESIAN_POINT('',(147.712294624,-111.812041309,-4.352166835));
#135=CARTESIAN_POINT('',(147.605826242,-111.276788606,-4.352166835));
#136=CARTESIAN_POINT('',(147.605826242,-110.741535902,-4.352166835));
#137=B_SPLINE_CURVE_WITH_KNOTS('',3,(#88,#89,#90,#91,#92,#93,#94,#95,#96,#97,#98,#99,#100,#101,#102,#103,#104,#105,#106,#107,#108,#109,#110,#111,#112,#113,
#114,#115,#116,#117,#118,#119,#120,#121,#122,#123,#124,#125,#126,#127,#128,#129,#130,#131,#132,#133,#134,#135,#136),.UNSPECIFIED.,.T.,.F.,(4,3,3,3,3,3,3,3,3,3,3,3,3,3,3,3,4),(0.,0.0625,0.125,0.1875,0.25,0.3125,0.375,0.4375,0.5,0.5625,0.625,0.6875,0.75,0.8125,0.875,0.9375,1.),.UNSPECIFIED.);
#138=EDGE_CURVE('',#35,#33,#137,.T.);
#139=ORIENTED_EDGE('',*,*,#138,.F.);
#140=EDGE_LOOP('',(#87,#139));
#141=FACE_BOUND('',#140,.T.);
#142=CARTESIAN_POINT('',(153.095406014,-110.241535902,-4.352166835));
#143=VERTEX_POINT('',#142);
#144=CARTESIAN_POINT('',(152.195406014,-110.241535902,-4.352166835));
#145=VERTEX_POINT('',#144);
#146=CARTESIAN_POINT('',(153.095406014,-110.241535902,-4.352166835));
#147=DIRECTION('',(-1.,0.,-0.));
#148=VECTOR('',#147,0.9);
#149=LINE('',#146,#148);
#150=EDGE_CURVE('',#143,#145,#149,.T.);
#151=ORIENTED_EDGE('',*,*,#150,.F.);
#152=CARTESIAN_POINT('',(153.095406014,-111.241535902,-4.352166835));
#153=VERTEX_POINT('',#152);
#154=CARTESIAN_POINT('',(153.095406014,-111.241535902,-4.352166835));
#155=DIRECTION('',(0.,1.,0.));
#156=VECTOR('',#155,1.);
#157=LINE('',#154,#156);
#158=EDGE_CURVE('',#153,#143,#157,.T.);
#159=ORIENTED_EDGE('',*,*,#158,.F.);
#160=CARTESIAN_POINT('',(152.195406014,-111.241535902,-4.352166835));
#161=VERTEX_POINT('',#160);
#162=CARTESIAN_POINT('',(152.195406014,-111.241535902,-4.352166835));
#163=DIRECTION('',(1.,-0.,0.));
#164=VECTOR('',#163,0.9);
#165=LINE('',#162,#164);
#166=EDGE_CURVE('',#161,#153,#165,.T.);
#167=ORIENTED_EDGE('',*,*,#166,.F.);
#168=CARTESIAN_POINT('',(152.195406014,-112.141535902,-4.352166835));
#169=VERTEX_POINT('',#168);
#170=CARTESIAN_POINT('',(152.195406014,-112.141535902,-4.352166835));
#171=DIRECTION('',(0.,1.,0.));
#172=VECTOR('',#171,0.9);
#173=LINE('',#170,#172);
#174=EDGE_CURVE('',#169,#161,#173,.T.);
#175=ORIENTED_EDGE('',*,*,#174,.F.);
#176=CARTESIAN_POINT('',(151.195406014,-112.141535902,-4.352166835));
#177=VERTEX_POINT('',#176);
#178=CARTESIAN_POINT('',(151.195406014,-112.141535902,-4.352166835));
#179=DIRECTION('',(1.,-0.,0.));
#180=VECTOR('',#179,1.);
#181=LINE('',#178,#180);
#182=EDGE_CURVE('',#177,#169,#181,.T.);
#183=ORIENTED_EDGE('',*,*,#182,.F.);
#184=CARTESIAN_POINT('',(151.195406014,-111.241535902,-4.352166835));
#185=VERTEX_POINT('',#184);
#186=CARTESIAN_POINT('',(151.195406014,-111.241535902,-4.352166835));
#187=DIRECTION('',(-0.,-1.,-0.));
#188=VECTOR('',#187,0.9);
#189=LINE('',#186,#188);
#190=EDGE_CURVE('',#185,#177,#189,.T.);
#191=ORIENTED_EDGE('',*,*,#190,.F.);
#192=CARTESIAN_POINT('',(150.295406014,-111.241535902,-4.352166835));
#193=VERTEX_POINT('',#192);
#194=CARTESIAN_POINT('',(150.295406014,-111.241535902,-4.352166835));
#195=DIRECTION('',(1.,-0.,0.));
#196=VECTOR('',#195,0.9);
#197=LINE('',#194,#196);
#198=EDGE_CURVE('',#193,#185,#197,.T.);
#199=ORIENTED_EDGE('',*,*,#198,.F.);
#200=CARTESIAN_POINT('',(150.295406014,-110.241535902,-4.352166835));
#201=VERTEX_POINT('',#200);
#202=CARTESIAN_POINT('',(150.295406014,-110.241535902,-4.352166835));
#203=DIRECTION('',(-0.,-1.,-0.));
#204=VECTOR('',#203,1.);
#205=LINE('',#202,#204);
#206=EDGE_CURVE('',#201,#193,#205,.T.);
#207=ORIENTED_EDGE('',*,*,#206,.F.);
#208=CARTESIAN_POINT('',(151.195406014,-110.241535902,-4.352166835));
#209=VERTEX_POINT('',#208);
#210=CARTESIAN_POINT('',(151.195406014,-110.241535902,-4.352166835));
#211=DIRECTION('',(-1.,0.,-0.));
#212=VECTOR('',#211,0.9);
#213=LINE('',#210,#212);
#214=EDGE_CURVE('',#209,#201,#213,.T.);
#215=ORIENTED_EDGE('',*,*,#214,.F.);
#216=CARTESIAN_POINT('',(151.195406014,-109.341535902,-4.352166835));
#217=VERTEX_POINT('',#216);
#218=CARTESIAN_POINT('',(151.195406014,-109.341535902,-4.352166835));
#219=DIRECTION('',(-0.,-1.,-0.));
#220=VECTOR('',#219,0.9);
#221=LINE('',#218,#220);
#222=EDGE_CURVE('',#217,#209,#221,.T.);
#223=ORIENTED_EDGE('',*,*,#222,.F.);
#224=CARTESIAN_POINT('',(152.195406014,-109.341535902,-4.352166835));
#225=VERTEX_POINT('',#224);
#226=CARTESIAN_POINT('',(152.195406014,-109.341535902,-4.352166835));
#227=DIRECTION('',(-1.,0.,-0.));
#228=VECTOR('',#227,1.);
#229=LINE('',#226,#228);
#230=EDGE_CURVE('',#225,#217,#229,.T.);
#231=ORIENTED_EDGE('',*,*,#230,.F.);
#232=CARTESIAN_POINT('',(152.195406014,-110.241535902,-4.352166835));
#233=DIRECTION('',(0.,1.,0.));
#234=VECTOR('',#233,0.9);
#235=LINE('',#232,#234);
#236=EDGE_CURVE('',#145,#225,#235,.T.);
#237=ORIENTED_EDGE('',*,*,#236,.F.);
#238=EDGE_LOOP('',(#151,#159,#167,#175,#183,#191,#199,#207,#215,#223,#231,#237));
#239=FACE_BOUND('',#238,.T.);
#240=ADVANCED_FACE('',(#141,#239),#31,.F.);
#241=CARTESIAN_POINT('',(154.915547567,-110.741535902,-7.852166835));
#242=CARTESIAN_POINT('',(155.205360307,-110.741535902,-6.685500168));
#243=CARTESIAN_POINT('',(155.495173047,-110.741535902,-5.518833502));
#244=CARTESIAN_POINT('',(155.784985787,-110.741535902,-4.352166835));
#245=CARTESIAN_POINT('',(154.915547567,-110.320077081,-7.852166835));
#246=CARTESIAN_POINT('',(155.205360307,-110.282145787,-6.685500168));
#247=CARTESIAN_POINT('',(155.495173047,-110.244214493,-5.518833502));
#248=CARTESIAN_POINT('',(155.784985787,-110.206283199,-4.352166835));
#249=CARTESIAN_POINT('',(154.747880824,-109.477159438,-7.852166835));
#250=CARTESIAN_POINT('',(155.022603556,-109.363365556,-6.685500168));
#251=CARTESIAN_POINT('',(155.297326289,-109.249571674,-5.518833502));
#252=CARTESIAN_POINT('',(155.572049022,-109.135777792,-4.352166835));
#253=CARTESIAN_POINT('',(154.031669089,-108.405272828,-7.852166835));
#254=CARTESIAN_POINT('',(154.241932765,-108.195009151,-6.685500168));
#255=CARTESIAN_POINT('',(154.452196442,-107.984745475,-5.518833502));
#256=CARTESIAN_POINT('',(154.662460119,-107.774481798,-4.352166835));
#257=CARTESIAN_POINT('',(152.959782479,-107.689061093,-7.852166835));
#258=CARTESIAN_POINT('',(153.073576361,-107.41433836,-6.685500168));
#259=CARTESIAN_POINT('',(153.187370243,-107.139615627,-5.518833502));
#260=CARTESIAN_POINT('',(153.301164125,-106.864892895,-4.352166835));
#261=CARTESIAN_POINT('',(151.695406014,-107.437560977,-7.852166835));
#262=CARTESIAN_POINT('',(151.695406014,-107.140203234,-6.685500168));
#263=CARTESIAN_POINT('',(151.695406014,-106.842845491,-5.518833502));
#264=CARTESIAN_POINT('',(151.695406014,-106.545487747,-4.352166835));
#265=CARTESIAN_POINT('',(150.431029549,-107.689061093,-7.852166835));
#266=CARTESIAN_POINT('',(150.317235668,-107.41433836,-6.685500168));
#267=CARTESIAN_POINT('',(150.203441786,-107.139615627,-5.518833502));
#268=CARTESIAN_POINT('',(150.089647904,-106.864892895,-4.352166835));
#269=CARTESIAN_POINT('',(149.35914294,-108.405272828,-7.852166835));
#270=CARTESIAN_POINT('',(149.148879263,-108.195009151,-6.685500168));
#271=CARTESIAN_POINT('',(148.938615586,-107.984745475,-5.518833502));
#272=CARTESIAN_POINT('',(148.72835191,-107.774481798,-4.352166835));
#273=CARTESIAN_POINT('',(148.642931205,-109.477159438,-7.852166835));
#274=CARTESIAN_POINT('',(148.368208472,-109.363365556,-6.685500168));
#275=CARTESIAN_POINT('',(148.093485739,-109.249571674,-5.518833502));
#276=CARTESIAN_POINT('',(147.818763006,-109.135777792,-4.352166835));
#277=CARTESIAN_POINT('',(148.391431089,-110.741535902,-7.852166835));
#278=CARTESIAN_POINT('',(148.094073346,-110.741535902,-6.685500168));
#279=CARTESIAN_POINT('',(147.796715602,-110.741535902,-5.518833502));
#280=CARTESIAN_POINT('',(147.499357859,-110.741535902,-4.352166835));
#281=CARTESIAN_POINT('',(148.642931205,-112.005912367,-7.852166835));
#282=CARTESIAN_POINT('',(148.368208472,-112.119706249,-6.685500168));
#283=CARTESIAN_POINT('',(148.093485739,-112.233500131,-5.518833502));
#284=CARTESIAN_POINT('',(147.818763006,-112.347294013,-4.352166835));
#285=CARTESIAN_POINT('',(149.35914294,-113.077798977,-7.852166835));
#286=CARTESIAN_POINT('',(149.148879263,-113.288062654,-6.685500168));
#287=CARTESIAN_POINT('',(148.938615586,-113.49832633,-5.518833502));
#288=CARTESIAN_POINT('',(148.72835191,-113.708590007,-4.352166835));
#289=CARTESIAN_POINT('',(150.431029549,-113.794010712,-7.852166835));
#290=CARTESIAN_POINT('',(150.317235668,-114.068733445,-6.685500168));
#291=CARTESIAN_POINT('',(150.203441786,-114.343456177,-5.518833502));
#292=CARTESIAN_POINT('',(150.089647904,-114.61817891,-4.352166835));
#293=CARTESIAN_POINT('',(151.695406014,-114.045510828,-7.852166835));
#294=CARTESIAN_POINT('',(151.695406014,-114.342868571,-6.685500168));
#295=CARTESIAN_POINT('',(151.695406014,-114.640226314,-5.518833502));
#296=CARTESIAN_POINT('',(151.695406014,-114.937584057,-4.352166835));
#297=CARTESIAN_POINT('',(152.959782479,-113.794010712,-7.852166835));
#298=CARTESIAN_POINT('',(153.073576361,-114.068733445,-6.685500168));
#299=CARTESIAN_POINT('',(153.187370243,-114.343456177,-5.518833502));
#300=CARTESIAN_POINT('',(153.301164125,-114.61817891,-4.352166835));
#301=CARTESIAN_POINT('',(154.031669089,-113.077798977,-7.852166835));
#302=CARTESIAN_POINT('',(154.241932765,-113.288062654,-6.685500168));
#303=CARTESIAN_POINT('',(154.452196442,-113.49832633,-5.518833502));
#304=CARTESIAN_POINT('',(154.662460119,-113.708590007,-4.352166835));
#305=CARTESIAN_POINT('',(154.747880824,-112.005912367,-7.852166835));
#306=CARTESIAN_POINT('',(155.022603556,-112.119706249,-6.685500168));
#307=CARTESIAN_POINT('',(155.297326289,-112.233500131,-5.518833502));
#308=CARTESIAN_POINT('',(155.572049022,-112.347294013,-4.352166835));
#309=CARTESIAN_POINT('',(154.915547567,-111.162994724,-7.852166835));
#310=CARTESIAN_POINT('',(155.205360307,-111.200926018,-6.685500168));
#311=CARTESIAN_POINT('',(155.495173047,-111.238857312,-5.518833502));
#312=CARTESIAN_POINT('',(155.784985787,-111.276788606,-4.352166835));
#313=CARTESIAN_POINT('',(154.915547567,-110.741535902,-7.852166835));
#314=CARTESIAN_POINT('',(155.205360307,-110.741535902,-6.685500168));
#315=CARTESIAN_POINT('',(155.495173047,-110.741535902,-5.518833502));
#316=CARTESIAN_POINT('',(155.784985787,-110.741535902,-4.352166835));
#317=B_SPLINE_SURFACE_WITH_KNOTS('',3,3,((#241,#242,#243,#244),(#245,#246,#247,#248),(#249,#250,#251,#252),(#253,#254,#255,#256),(#257,#258,#259,#260),(#261,#262,#263,#264),(#265,#266,#267,#268),(#269,#270,#271,#272),(#273,#274,#275,#276),(#277,#278,#279,#280),(#281,#282,#283,#284),(#285,#286,#287,#288),(#289,#290,#291,#292),(#293,#294,#295,#296),(#297,#298,#299,#300),(#301,#302,#303,#304),(#305,#306,#307,#308),(#309,#310,#311,#312),(#313,#314,#315,#316)),.UNSPECIFIED.,.T.,.F.,.U.,(4,1,1,1,1,1,1,1,1,1,1,1,1,1,1,1,4),(4,4),(0.,0.0625,0.125,0.1875,0.25,0.3125,0.375,0.4375,0.5,0.5625,0.625,0.6875,0.75,0.8125,0.875,0.9375,1.),(0.,1.),.UNSPECIFIED.);
#318=CARTESIAN_POINT('',(154.915547567,-110.741535902,-7.852166835));
#319=VERTEX_POINT('',#318);
#320=CARTESIAN_POINT('',(155.784985787,-110.741535902,-4.352166835));
#321=CARTESIAN_POINT('',(155.495173047,-110.741535902,-5.518833502));
#322=CARTESIAN_POINT('',(155.205360307,-110.741535902,-6.685500168));
#323=CARTESIAN_POINT('',(154.915547567,-110.741535902,-7.852166835));
#324=B_SPLINE_CURVE_WITH_KNOTS('',3,(#320,#321,#322,#323),.UNSPECIFIED.,.F.,.F.,(4,4),(0.,1.),.UNSPECIFIED.);
#325=EDGE_CURVE('',#33,#319,#324,.T.);
#326=ORIENTED_EDGE('',*,*,#325,.T.);
#327=CARTESIAN_POINT('',(148.475264461,-110.741535902,-7.852166835));
#328=VERTEX_POINT('',#327);
#329=CARTESIAN_POINT('',(148.475264461,-110.741535902,-7.852166835));
#330=CARTESIAN_POINT('',(148.475264461,-110.320077081,-7.852166835));
#331=CARTESIAN_POINT('',(148.559097833,-109.898618259,-7.852166835));
#332=CARTESIAN_POINT('',(148.720383141,-109.50924108,-7.852166835));
#333=CARTESIAN_POINT('',(148.88166845,-109.119863901,-7.852166835));
#334=CARTESIAN_POINT('',(149.120405695,-108.762568365,-7.852166835));
#335=CARTESIAN_POINT('',(149.418422086,-108.464551974,-7.852166835));
#336=CARTESIAN_POINT('',(149.716438476,-108.166535583,-7.852166835));
#337=CARTESIAN_POINT('',(150.073734013,-107.927798338,-7.852166835));
#338=CARTESIAN_POINT('',(150.463111192,-107.76651303,-7.852166835));
#339=CARTESIAN_POINT('',(150.852488371,-107.605227721,-7.852166835));
#340=CARTESIAN_POINT('',(151.273947193,-107.521394349,-7.852166835));
#341=CARTESIAN_POINT('',(151.695406014,-107.521394349,-7.852166835));
#342=CARTESIAN_POINT('',(152.116864836,-107.521394349,-7.852166835));
#343=CARTESIAN_POINT('',(152.538323657,-107.605227721,-7.852166835));
#344=CARTESIAN_POINT('',(152.927700837,-107.76651303,-7.852166835));
#345=CARTESIAN_POINT('',(153.317078016,-107.927798338,-7.852166835));
#346=CARTESIAN_POINT('',(153.674373552,-108.166535583,-7.852166835));
#347=CARTESIAN_POINT('',(153.972389943,-108.464551974,-7.852166835));
#348=CARTESIAN_POINT('',(154.270406334,-108.762568365,-7.852166835));
#349=CARTESIAN_POINT('',(154.509143579,-109.119863901,-7.852166835));
#350=CARTESIAN_POINT('',(154.670428887,-109.50924108,-7.852166835));
#351=CARTESIAN_POINT('',(154.831714196,-109.898618259,-7.852166835));
#352=CARTESIAN_POINT('',(154.915547567,-110.320077081,-7.852166835));
#353=CARTESIAN_POINT('',(154.915547567,-110.741535902,-7.852166835));
#354=CARTESIAN_POINT('',(154.915547567,-111.162994724,-7.852166835));
#355=CARTESIAN_POINT('',(154.831714196,-111.584453546,-7.852166835));
#356=CARTESIAN_POINT('',(154.670428887,-111.973830725,-7.852166835));
#357=CARTESIAN_POINT('',(154.509143579,-112.363207904,-7.852166835));
#358=CARTESIAN_POINT('',(154.270406334,-112.72050344,-7.852166835));
#359=CARTESIAN_POINT('',(153.972389943,-113.018519831,-7.852166835));
#360=CARTESIAN_POINT('',(153.674373552,-113.316536222,-7.852166835));
#361=CARTESIAN_POINT('',(153.317078016,-113.555273467,-7.852166835));
#362=CARTESIAN_POINT('',(152.927700837,-113.716558775,-7.852166835));
#363=CARTESIAN_POINT('',(152.538323657,-113.877844084,-7.852166835));
#364=CARTESIAN_POINT('',(152.116864836,-113.961677456,-7.852166835));
#365=CARTESIAN_POINT('',(151.695406014,-113.961677456,-7.852166835));
#366=CARTESIAN_POINT('',(151.273947193,-113.961677456,-7.852166835));
#367=CARTESIAN_POINT('',(150.852488371,-113.877844084,-7.852166835));
#368=CARTESIAN_POINT('',(150.463111192,-113.716558775,-7.852166835));
#369=CARTESIAN_POINT('',(150.073734013,-113.555273467,-7.852166835));
#370=CARTESIAN_POINT('',(149.716438476,-113.316536222,-7.852166835));
#371=CARTESIAN_POINT('',(149.418422086,-113.018519831,-7.852166835));
#372=CARTESIAN_POINT('',(149.120405695,-112.72050344,-7.852166835));
#373=CARTESIAN_POINT('',(148.88166845,-112.363207904,-7.852166835));
#374=CARTESIAN_POINT('',(148.720383141,-111.973830725,-7.852166835));
#375=CARTESIAN_POINT('',(148.559097833,-111.584453546,-7.852166835));
#376=CARTESIAN_POINT('',(148.475264461,-111.162994724,-7.852166835));
#377=CARTESIAN_POINT('',(148.475264461,-110.741535902,-7.852166835));
#378=B_SPLINE_CURVE_WITH_KNOTS('',3,(#329,#330,#331,#332,#333,#334,#335,#336,#337,#338,#339,#340,#341,#342,#343,#344,#345,#346,#347,#348,#349,#350,#351,#352,#353,#354,
#355,#356,#357,#358,#359,#360,#361,#362,#363,#364,#365,#366,#367,#368,#369,#370,#371,#372,#373,#374,#375,#376,#377),.UNSPECIFIED.,.T.,.F.,(4,3,3,3,3,3,3,3,3,3,3,3,3,3,3,3,4),(0.,0.0625,0.125,0.1875,0.25,0.3125,0.375,0.4375,0.5,0.5625,0.625,0.6875,0.75,0.8125,0.875,0.9375,1.),.UNSPECIFIED.);
#379=EDGE_CURVE('',#328,#319,#378,.T.);
#380=ORIENTED_EDGE('',*,*,#379,.F.);
#381=CARTESIAN_POINT('',(148.475264461,-110.741535902,-7.852166835));
#382=CARTESIAN_POINT('',(148.475264461,-110.320077081,-7.852166835));
#383=CARTESIAN_POINT('',(148.559097833,-109.898618259,-7.852166835));
#384=CARTESIAN_POINT('',(148.720383141,-109.50924108,-7.852166835));
#385=CARTESIAN_POINT('',(148.88166845,-109.119863901,-7.852166835));
#386=CARTESIAN_POINT('',(149.120405695,-108.762568365,-7.852166835));
#387=CARTESIAN_POINT('',(149.418422086,-108.464551974,-7.852166835));
#388=CARTESIAN_POINT('',(149.716438476,-108.166535583,-7.852166835));
#389=CARTESIAN_POINT('',(150.073734013,-107.927798338,-7.852166835));
#390=CARTESIAN_POINT('',(150.463111192,-107.76651303,-7.852166835));
#391=CARTESIAN_POINT('',(150.852488371,-107.605227721,-7.852166835));
#392=CARTESIAN_POINT('',(151.273947193,-107.521394349,-7.852166835));
#393=CARTESIAN_POINT('',(151.695406014,-107.521394349,-7.852166835));
#394=CARTESIAN_POINT('',(152.116864836,-107.521394349,-7.852166835));
#395=CARTESIAN_POINT('',(152.538323657,-107.605227721,-7.852166835));
#396=CARTESIAN_POINT('',(152.927700837,-107.76651303,-7.852166835));
#397=CARTESIAN_POINT('',(153.317078016,-107.927798338,-7.852166835));
#398=CARTESIAN_POINT('',(153.674373552,-108.166535583,-7.852166835));
#399=CARTESIAN_POINT('',(153.972389943,-108.464551974,-7.852166835));
#400=CARTESIAN_POINT('',(154.270406334,-108.762568365,-7.852166835));
#401=CARTESIAN_POINT('',(154.509143579,-109.119863901,-7.852166835));
#402=CARTESIAN_POINT('',(154.670428887,-109.50924108,-7.852166835));
#403=CARTESIAN_POINT('',(154.831714196,-109.898618259,-7.852166835));
#404=CARTESIAN_POINT('',(154.915547567,-110.320077081,-7.852166835));
#405=CARTESIAN_POINT('',(154.915547567,-110.741535902,-7.852166835));
#406=CARTESIAN_POINT('',(154.915547567,-111.162994724,-7.852166835));
#407=CARTESIAN_POINT('',(154.831714196,-111.584453546,-7.852166835));
#408=CARTESIAN_POINT('',(154.670428887,-111.973830725,-7.852166835));
#409=CARTESIAN_POINT('',(154.509143579,-112.363207904,-7.852166835));
#410=CARTESIAN_POINT('',(154.270406334,-112.72050344,-7.852166835));
#411=CARTESIAN_POINT('',(153.972389943,-113.018519831,-7.852166835));
#412=CARTESIAN_POINT('',(153.674373552,-113.316536222,-7.852166835));
#413=CARTESIAN_POINT('',(153.317078016,-113.555273467,-7.852166835));
#414=CARTESIAN_POINT('',(152.927700837,-113.716558775,-7.852166835));
#415=CARTESIAN_POINT('',(152.538323657,-113.877844084,-7.852166835));
#416=CARTESIAN_POINT('',(152.116864836,-113.961677456,-7.852166835));
#417=CARTESIAN_POINT('',(151.695406014,-113.961677456,-7.852166835));
#418=CARTESIAN_POINT('',(151.273947193,-113.961677456,-7.852166835));
#419=CARTESIAN_POINT('',(150.852488371,-113.877844084,-7.852166835));
#420=CARTESIAN_POINT('',(150.463111192,-113.716558775,-7.852166835));
#421=CARTESIAN_POINT('',(150.073734013,-113.555273467,-7.852166835));
#422=CARTESIAN_POINT('',(149.716438476,-113.316536222,-7.852166835));
#423=CARTESIAN_POINT('',(149.418422086,-113.018519831,-7.852166835));
#424=CARTESIAN_POINT('',(149.120405695,-112.72050344,-7.852166835));
#425=CARTESIAN_POINT('',(148.88166845,-112.363207904,-7.852166835));
#426=CARTESIAN_POINT('',(148.720383141,-111.973830725,-7.852166835));
#427=CARTESIAN_POINT('',(148.559097833,-111.584453546,-7.852166835));
#428=CARTESIAN_POINT('',(148.475264461,-111.162994724,-7.852166835));
#429=CARTESIAN_POINT('',(148.475264461,-110.741535902,-7.852166835));
#430=B_SPLINE_CURVE_WITH_KNOTS('',3,(#381,#382,#383,#384,#385,#386,#387,#388,#389,#390,#391,#392,#393,#394,#395,#396,#397,#398,#399,#400,#401,#402,#403,#404,#405,#406,
#407,#408,#409,#410,#411,#412,#413,#414,#415,#416,#417,#418,#419,#420,#421,#422,#423,#424,#425,#426,#427,#428,#429),.UNSPECIFIED.,.T.,.F.,(4,3,3,3,3,3,3,3,3,3,3,3,3,3,3,3,4),(0.,0.0625,0.125,0.1875,0.25,0.3125,0.375,0.4375,0.5,0.5625,0.625,0.6875,0.75,0.8125,0.875,0.9375,1.),.UNSPECIFIED.);
#431=EDGE_CURVE('',#319,#328,#430,.T.);
#432=ORIENTED_EDGE('',*,*,#431,.F.);
#433=ORIENTED_EDGE('',*,*,#325,.F.);
#434=ORIENTED_EDGE('',*,*,#86,.T.);
#435=ORIENTED_EDGE('',*,*,#138,.T.);
#436=EDGE_LOOP('',(#326,#380,#432,#433,#434,#435));
#437=FACE_BOUND('',#436,.T.);
#438=ADVANCED_FACE('',(#437),#317,.T.);
#439=CARTESIAN_POINT('',(162.124184749,-69.541535902,-7.852166835));
#440=DIRECTION('',(0.,0.,-1.));
#441=DIRECTION('',(-0.707106781,-0.707106781,-0.));
#442=AXIS2_PLACEMENT_3D('',#439,#440,#441);
#443=PLANE('',#442);
#444=ORIENTED_EDGE('',*,*,#379,.T.);
#445=ORIENTED_EDGE('',*,*,#431,.T.);
#446=EDGE_LOOP('',(#444,#445));
#447=FACE_BOUND('',#446,.T.);
#448=ADVANCED_FACE('',(#447),#443,.T.);
#449=CARTESIAN_POINT('',(153.445406014,-110.241535902,-2.252166835));
#450=DIRECTION('',(-0.,-1.,-0.));
#451=DIRECTION('',(-0.,-0.,1.));
#452=AXIS2_PLACEMENT_3D('',#449,#450,#451);
#453=PLANE('',#452);
#454=ORIENTED_EDGE('',*,*,#150,.T.);
#455=CARTESIAN_POINT('',(152.195406014,-110.241535902,-0.752166835));
#456=VERTEX_POINT('',#455);
#457=CARTESIAN_POINT('',(152.195406014,-110.241535902,-0.752166835));
#458=DIRECTION('',(0.,0.,-1.));
#459=VECTOR('',#458,3.6);
#460=LINE('',#457,#459);
#461=EDGE_CURVE('',#456,#145,#460,.T.);
#462=ORIENTED_EDGE('',*,*,#461,.F.);
#463=CARTESIAN_POINT('',(153.095406014,-110.241535902,-0.752166835));
#464=VERTEX_POINT('',#463);
#465=CARTESIAN_POINT('',(153.095406014,-110.241535902,-0.752166835));
#466=DIRECTION('',(-1.,0.,-0.));
#467=VECTOR('',#466,0.9);
#468=LINE('',#465,#467);
#469=EDGE_CURVE('',#464,#456,#468,.T.);
#470=ORIENTED_EDGE('',*,*,#469,.F.);
#471=CARTESIAN_POINT('',(153.095406014,-110.241535902,-0.752166835));
#472=DIRECTION('',(0.,0.,-1.));
#473=VECTOR('',#472,3.6);
#474=LINE('',#471,#473);
#475=EDGE_CURVE('',#464,#143,#474,.T.);
#476=ORIENTED_EDGE('',*,*,#475,.T.);
#477=EDGE_LOOP('',(#454,#462,#470,#476));
#478=FACE_BOUND('',#477,.T.);
#479=ADVANCED_FACE('',(#478),#453,.F.);
#480=CARTESIAN_POINT('',(152.195406014,-108.991535902,-2.252166835));
#481=DIRECTION('',(-1.,0.,-0.));
#482=DIRECTION('',(-0.,-0.,1.));
#483=AXIS2_PLACEMENT_3D('',#480,#481,#482);
#484=PLANE('',#483);
#485=ORIENTED_EDGE('',*,*,#236,.T.);
#486=CARTESIAN_POINT('',(152.195406014,-109.341535902,-0.752166835));
#487=VERTEX_POINT('',#486);
#488=CARTESIAN_POINT('',(152.195406014,-109.341535902,-0.752166835));
#489=DIRECTION('',(0.,0.,-1.));
#490=VECTOR('',#489,3.6);
#491=LINE('',#488,#490);
#492=EDGE_CURVE('',#487,#225,#491,.T.);
#493=ORIENTED_EDGE('',*,*,#492,.F.);
#494=CARTESIAN_POINT('',(152.195406014,-110.241535902,-0.752166835));
#495=DIRECTION('',(0.,1.,0.));
#496=VECTOR('',#495,0.9);
#497=LINE('',#494,#496);
#498=EDGE_CURVE('',#456,#487,#497,.T.);
#499=ORIENTED_EDGE('',*,*,#498,.F.);
#500=ORIENTED_EDGE('',*,*,#461,.T.);
#501=EDGE_LOOP('',(#485,#493,#499,#500));
#502=FACE_BOUND('',#501,.T.);
#503=ADVANCED_FACE('',(#502),#484,.F.);
#504=CARTESIAN_POINT('',(151.695406014,-109.341535902,-2.252166835));
#505=DIRECTION('',(-0.,-1.,-0.));
#506=DIRECTION('',(-0.,-0.,1.));
#507=AXIS2_PLACEMENT_3D('',#504,#505,#506);
#508=PLANE('',#507);
#509=ORIENTED_EDGE('',*,*,#230,.T.);
#510=CARTESIAN_POINT('',(151.195406014,-109.341535902,-0.752166835));
#511=VERTEX_POINT('',#510);
#512=CARTESIAN_POINT('',(151.195406014,-109.341535902,-0.752166835));
#513=DIRECTION('',(0.,0.,-1.));
#514=VECTOR('',#513,3.6);
#515=LINE('',#512,#514);
#516=EDGE_CURVE('',#511,#217,#515,.T.);
#517=ORIENTED_EDGE('',*,*,#516,.F.);
#518=CARTESIAN_POINT('',(152.195406014,-109.341535902,-0.752166835));
#519=DIRECTION('',(-1.,0.,-0.));
#520=VECTOR('',#519,1.);
#521=LINE('',#518,#520);
#522=EDGE_CURVE('',#487,#511,#521,.T.);
#523=ORIENTED_EDGE('',*,*,#522,.F.);
#524=ORIENTED_EDGE('',*,*,#492,.T.);
#525=EDGE_LOOP('',(#509,#517,#523,#524));
#526=FACE_BOUND('',#525,.T.);
#527=ADVANCED_FACE('',(#526),#508,.F.);
#528=CARTESIAN_POINT('',(151.195406014,-108.991535902,-2.252166835));
#529=DIRECTION('',(1.,-0.,0.));
#530=DIRECTION('',(0.,0.,-1.));
#531=AXIS2_PLACEMENT_3D('',#528,#529,#530);
#532=PLANE('',#531);
#533=ORIENTED_EDGE('',*,*,#222,.T.);
#534=CARTESIAN_POINT('',(151.195406014,-110.241535902,-0.752166835));
#535=VERTEX_POINT('',#534);
#536=CARTESIAN_POINT('',(151.195406014,-110.241535902,-0.752166835));
#537=DIRECTION('',(0.,0.,-1.));
#538=VECTOR('',#537,3.6);
#539=LINE('',#536,#538);
#540=EDGE_CURVE('',#535,#209,#539,.T.);
#541=ORIENTED_EDGE('',*,*,#540,.F.);
#542=CARTESIAN_POINT('',(151.195406014,-109.341535902,-0.752166835));
#543=DIRECTION('',(-0.,-1.,-0.));
#544=VECTOR('',#543,0.9);
#545=LINE('',#542,#544);
#546=EDGE_CURVE('',#511,#535,#545,.T.);
#547=ORIENTED_EDGE('',*,*,#546,.F.);
#548=ORIENTED_EDGE('',*,*,#516,.T.);
#549=EDGE_LOOP('',(#533,#541,#547,#548));
#550=FACE_BOUND('',#549,.T.);
#551=ADVANCED_FACE('',(#550),#532,.F.);
#552=CARTESIAN_POINT('',(149.945406014,-110.241535902,-2.252166835));
#553=DIRECTION('',(-0.,-1.,-0.));
#554=DIRECTION('',(-0.,-0.,1.));
#555=AXIS2_PLACEMENT_3D('',#552,#553,#554);
#556=PLANE('',#555);
#557=ORIENTED_EDGE('',*,*,#214,.T.);
#558=CARTESIAN_POINT('',(150.295406014,-110.241535902,-0.752166835));
#559=VERTEX_POINT('',#558);
#560=CARTESIAN_POINT('',(150.295406014,-110.241535902,-0.752166835));
#561=DIRECTION('',(0.,0.,-1.));
#562=VECTOR('',#561,3.6);
#563=LINE('',#560,#562);
#564=EDGE_CURVE('',#559,#201,#563,.T.);
#565=ORIENTED_EDGE('',*,*,#564,.F.);
#566=CARTESIAN_POINT('',(151.195406014,-110.241535902,-0.752166835));
#567=DIRECTION('',(-1.,0.,-0.));
#568=VECTOR('',#567,0.9);
#569=LINE('',#566,#568);
#570=EDGE_CURVE('',#535,#559,#569,.T.);
#571=ORIENTED_EDGE('',*,*,#570,.F.);
#572=ORIENTED_EDGE('',*,*,#540,.T.);
#573=EDGE_LOOP('',(#557,#565,#571,#572));
#574=FACE_BOUND('',#573,.T.);
#575=ADVANCED_FACE('',(#574),#556,.F.);
#576=CARTESIAN_POINT('',(150.295406014,-110.741535902,-2.252166835));
#577=DIRECTION('',(1.,-0.,0.));
#578=DIRECTION('',(0.,0.,-1.));
#579=AXIS2_PLACEMENT_3D('',#576,#577,#578);
#580=PLANE('',#579);
#581=ORIENTED_EDGE('',*,*,#206,.T.);
#582=CARTESIAN_POINT('',(150.295406014,-111.241535902,-0.752166835));
#583=VERTEX_POINT('',#582);
#584=CARTESIAN_POINT('',(150.295406014,-111.241535902,-0.752166835));
#585=DIRECTION('',(0.,0.,-1.));
#586=VECTOR('',#585,3.6);
#587=LINE('',#584,#586);
#588=EDGE_CURVE('',#583,#193,#587,.T.);
#589=ORIENTED_EDGE('',*,*,#588,.F.);
#590=CARTESIAN_POINT('',(150.295406014,-110.241535902,-0.752166835));
#591=DIRECTION('',(-0.,-1.,-0.));
#592=VECTOR('',#591,1.);
#593=LINE('',#590,#592);
#594=EDGE_CURVE('',#559,#583,#593,.T.);
#595=ORIENTED_EDGE('',*,*,#594,.F.);
#596=ORIENTED_EDGE('',*,*,#564,.T.);
#597=EDGE_LOOP('',(#581,#589,#595,#596));
#598=FACE_BOUND('',#597,.T.);
#599=ADVANCED_FACE('',(#598),#580,.F.);
#600=CARTESIAN_POINT('',(149.945406014,-111.241535902,-2.252166835));
#601=DIRECTION('',(0.,1.,0.));
#602=DIRECTION('',(0.,0.,-1.));
#603=AXIS2_PLACEMENT_3D('',#600,#601,#602);
#604=PLANE('',#603);
#605=ORIENTED_EDGE('',*,*,#198,.T.);
#606=CARTESIAN_POINT('',(151.195406014,-111.241535902,-0.752166835));
#607=VERTEX_POINT('',#606);
#608=CARTESIAN_POINT('',(151.195406014,-111.241535902,-0.752166835));
#609=DIRECTION('',(0.,0.,-1.));
#610=VECTOR('',#609,3.6);
#611=LINE('',#608,#610);
#612=EDGE_CURVE('',#607,#185,#611,.T.);
#613=ORIENTED_EDGE('',*,*,#612,.F.);
#614=CARTESIAN_POINT('',(150.295406014,-111.241535902,-0.752166835));
#615=DIRECTION('',(1.,-0.,0.));
#616=VECTOR('',#615,0.9);
#617=LINE('',#614,#616);
#618=EDGE_CURVE('',#583,#607,#617,.T.);
#619=ORIENTED_EDGE('',*,*,#618,.F.);
#620=ORIENTED_EDGE('',*,*,#588,.T.);
#621=EDGE_LOOP('',(#605,#613,#619,#620));
#622=FACE_BOUND('',#621,.T.);
#623=ADVANCED_FACE('',(#622),#604,.F.);
#624=CARTESIAN_POINT('',(151.195406014,-112.491535902,-2.252166835));
#625=DIRECTION('',(1.,-0.,0.));
#626=DIRECTION('',(0.,0.,-1.));
#627=AXIS2_PLACEMENT_3D('',#624,#625,#626);
#628=PLANE('',#627);
#629=ORIENTED_EDGE('',*,*,#190,.T.);
#630=CARTESIAN_POINT('',(151.195406014,-112.141535902,-0.752166835));
#631=VERTEX_POINT('',#630);
#632=CARTESIAN_POINT('',(151.195406014,-112.141535902,-0.752166835));
#633=DIRECTION('',(0.,0.,-1.));
#634=VECTOR('',#633,3.6);
#635=LINE('',#632,#634);
#636=EDGE_CURVE('',#631,#177,#635,.T.);
#637=ORIENTED_EDGE('',*,*,#636,.F.);
#638=CARTESIAN_POINT('',(151.195406014,-111.241535902,-0.752166835));
#639=DIRECTION('',(-0.,-1.,-0.));
#640=VECTOR('',#639,0.9);
#641=LINE('',#638,#640);
#642=EDGE_CURVE('',#607,#631,#641,.T.);
#643=ORIENTED_EDGE('',*,*,#642,.F.);
#644=ORIENTED_EDGE('',*,*,#612,.T.);
#645=EDGE_LOOP('',(#629,#637,#643,#644));
#646=FACE_BOUND('',#645,.T.);
#647=ADVANCED_FACE('',(#646),#628,.F.);
#648=CARTESIAN_POINT('',(151.695406014,-112.141535902,-2.252166835));
#649=DIRECTION('',(0.,1.,0.));
#650=DIRECTION('',(0.,0.,-1.));
#651=AXIS2_PLACEMENT_3D('',#648,#649,#650);
#652=PLANE('',#651);
#653=ORIENTED_EDGE('',*,*,#182,.T.);
#654=CARTESIAN_POINT('',(152.195406014,-112.141535902,-0.752166835));
#655=VERTEX_POINT('',#654);
#656=CARTESIAN_POINT('',(152.195406014,-112.141535902,-0.752166835));
#657=DIRECTION('',(0.,0.,-1.));
#658=VECTOR('',#657,3.6);
#659=LINE('',#656,#658);
#660=EDGE_CURVE('',#655,#169,#659,.T.);
#661=ORIENTED_EDGE('',*,*,#660,.F.);
#662=CARTESIAN_POINT('',(151.195406014,-112.141535902,-0.752166835));
#663=DIRECTION('',(1.,-0.,0.));
#664=VECTOR('',#663,1.);
#665=LINE('',#662,#664);
#666=EDGE_CURVE('',#631,#655,#665,.T.);
#667=ORIENTED_EDGE('',*,*,#666,.F.);
#668=ORIENTED_EDGE('',*,*,#636,.T.);
#669=EDGE_LOOP('',(#653,#661,#667,#668));
#670=FACE_BOUND('',#669,.T.);
#671=ADVANCED_FACE('',(#670),#652,.F.);
#672=CARTESIAN_POINT('',(152.195406014,-112.491535902,-2.252166835));
#673=DIRECTION('',(-1.,0.,-0.));
#674=DIRECTION('',(-0.,-0.,1.));
#675=AXIS2_PLACEMENT_3D('',#672,#673,#674);
#676=PLANE('',#675);
#677=ORIENTED_EDGE('',*,*,#174,.T.);
#678=CARTESIAN_POINT('',(152.195406014,-111.241535902,-0.752166835));
#679=VERTEX_POINT('',#678);
#680=CARTESIAN_POINT('',(152.195406014,-111.241535902,-0.752166835));
#681=DIRECTION('',(0.,0.,-1.));
#682=VECTOR('',#681,3.6);
#683=LINE('',#680,#682);
#684=EDGE_CURVE('',#679,#161,#683,.T.);
#685=ORIENTED_EDGE('',*,*,#684,.F.);
#686=CARTESIAN_POINT('',(152.195406014,-112.141535902,-0.752166835));
#687=DIRECTION('',(0.,1.,0.));
#688=VECTOR('',#687,0.9);
#689=LINE('',#686,#688);
#690=EDGE_CURVE('',#655,#679,#689,.T.);
#691=ORIENTED_EDGE('',*,*,#690,.F.);
#692=ORIENTED_EDGE('',*,*,#660,.T.);
#693=EDGE_LOOP('',(#677,#685,#691,#692));
#694=FACE_BOUND('',#693,.T.);
#695=ADVANCED_FACE('',(#694),#676,.F.);
#696=CARTESIAN_POINT('',(153.445406014,-111.241535902,-2.252166835));
#697=DIRECTION('',(0.,1.,0.));
#698=DIRECTION('',(0.,0.,-1.));
#699=AXIS2_PLACEMENT_3D('',#696,#697,#698);
#700=PLANE('',#699);
#701=ORIENTED_EDGE('',*,*,#166,.T.);
#702=CARTESIAN_POINT('',(153.095406014,-111.241535902,-0.752166835));
#703=VERTEX_POINT('',#702);
#704=CARTESIAN_POINT('',(153.095406014,-111.241535902,-0.752166835));
#705=DIRECTION('',(0.,0.,-1.));
#706=VECTOR('',#705,3.6);
#707=LINE('',#704,#706);
#708=EDGE_CURVE('',#703,#153,#707,.T.);
#709=ORIENTED_EDGE('',*,*,#708,.F.);
#710=CARTESIAN_POINT('',(152.195406014,-111.241535902,-0.752166835));
#711=DIRECTION('',(1.,-0.,0.));
#712=VECTOR('',#711,0.9);
#713=LINE('',#710,#712);
#714=EDGE_CURVE('',#679,#703,#713,.T.);
#715=ORIENTED_EDGE('',*,*,#714,.F.);
#716=ORIENTED_EDGE('',*,*,#684,.T.);
#717=EDGE_LOOP('',(#701,#709,#715,#716));
#718=FACE_BOUND('',#717,.T.);
#719=ADVANCED_FACE('',(#718),#700,.F.);
#720=CARTESIAN_POINT('',(153.095406014,-110.741535902,-2.252166835));
#721=DIRECTION('',(-1.,0.,-0.));
#722=DIRECTION('',(-0.,-0.,1.));
#723=AXIS2_PLACEMENT_3D('',#720,#721,#722);
#724=PLANE('',#723);
#725=ORIENTED_EDGE('',*,*,#158,.T.);
#726=ORIENTED_EDGE('',*,*,#475,.F.);
#727=CARTESIAN_POINT('',(153.095406014,-111.241535902,-0.752166835));
#728=DIRECTION('',(0.,1.,0.));
#729=VECTOR('',#728,1.);
#730=LINE('',#727,#729);
#731=EDGE_CURVE('',#703,#464,#730,.T.);
#732=ORIENTED_EDGE('',*,*,#731,.F.);
#733=ORIENTED_EDGE('',*,*,#708,.T.);
#734=EDGE_LOOP('',(#725,#726,#732,#733));
#735=FACE_BOUND('',#734,.T.);
#736=ADVANCED_FACE('',(#735),#724,.F.);
#737=CARTESIAN_POINT('',(51.445406014,-249.391535902,-0.752166835));
#738=DIRECTION('',(-0.,-0.,1.));
#739=DIRECTION('',(1.,-0.,0.));
#740=AXIS2_PLACEMENT_3D('',#737,#738,#739);
#741=PLANE('',#740);
#742=ORIENTED_EDGE('',*,*,#469,.T.);
#743=ORIENTED_EDGE('',*,*,#498,.T.);
#744=ORIENTED_EDGE('',*,*,#522,.T.);
#745=ORIENTED_EDGE('',*,*,#546,.T.);
#746=ORIENTED_EDGE('',*,*,#570,.T.);
#747=ORIENTED_EDGE('',*,*,#594,.T.);
#748=ORIENTED_EDGE('',*,*,#618,.T.);
#749=ORIENTED_EDGE('',*,*,#642,.T.);
#750=ORIENTED_EDGE('',*,*,#666,.T.);
#751=ORIENTED_EDGE('',*,*,#690,.T.);
#752=ORIENTED_EDGE('',*,*,#714,.T.);
#753=ORIENTED_EDGE('',*,*,#731,.T.);
#754=EDGE_LOOP('',(#742,#743,#744,#745,#746,#747,#748,#749,#750,#751,#752,#753));
#755=FACE_BOUND('',#754,.T.);
#756=ADVANCED_FACE('',(#755),#741,.T.);
#757=CLOSED_SHELL('',(#240,#438,#448,#479,#503,#527,#551,#575,#599,#623,#647,#671,#695,#719,#736,#756));
#758=MANIFOLD_SOLID_BREP('Body 479',#757);
#759=DRAUGHTING_PRE_DEFINED_COLOUR('blue');
#760=FILL_AREA_STYLE_COLOUR('',#759);
#761=FILL_AREA_STYLE('',(#760));
#762=SURFACE_STYLE_FILL_AREA(#761);
#763=SURFACE_SIDE_STYLE('',(#762));
#764=SURFACE_STYLE_USAGE(.BOTH.,#763);
#765=PRESENTATION_STYLE_ASSIGNMENT((#764));
#26=STYLED_ITEM('',(#765),#758);
#766=(NAMED_UNIT(*)PLANE_ANGLE_UNIT()SI_UNIT($,.RADIAN.));
#767=PLANE_ANGLE_MEASURE_WITH_UNIT(PLANE_ANGLE_MEASURE(0.0174532925),#766);
#768=(CONVERSION_BASED_UNIT('DEGREE',#767)NAMED_UNIT(#769)PLANE_ANGLE_UNIT());
#769=DIMENSIONAL_EXPONENTS(0.,0.,0.,0.,0.,0.,0.);
#770=(NAMED_UNIT(*)SI_UNIT($,.STERADIAN.)SOLID_ANGLE_UNIT());
#771=(LENGTH_UNIT()NAMED_UNIT(*)SI_UNIT(.MILLI.,.METRE.));
#772=UNCERTAINTY_MEASURE_WITH_UNIT(LENGTH_MEASURE(1.000000E-03),#771,'DISTANCE_ACCURACY_VALUE','Maximum Tolerance applied to model');
#773=(GEOMETRIC_REPRESENTATION_CONTEXT(3)GLOBAL_UNCERTAINTY_ASSIGNED_CONTEXT((#772))GLOBAL_UNIT_ASSIGNED_CONTEXT((#771,#768,#770))REPRESENTATION_CONTEXT('','Frisk.iges'));
#785=CARTESIAN_POINT('',(0.,0.,0.));
#786=DIRECTION('',(0.,0.,1.));
#787=DIRECTION('',(1.,0.,-0.));
#788=AXIS2_PLACEMENT_3D('',#785,#786,#787);
#789=ITEM_DEFINED_TRANSFORMATION('','',#788,#15);
#790=(REPRESENTATION_RELATIONSHIP('','',#775,#16)REPRESENTATION_RELATIONSHIP_WITH_TRANSFORMATION(#789)SHAPE_REPRESENTATION_RELATIONSHIP());
#791=NEXT_ASSEMBLY_USAGE_OCCURRENCE('Frisk.iges_1','Frisk.iges','Frisk.iges',#25,#784,$);
#792=PRODUCT_DEFINITION_SHAPE('','',#791);
#793=CONTEXT_DEPENDENT_SHAPE_REPRESENTATION(#790,#792);
#794=(NAMED_UNIT(*)PLANE_ANGLE_UNIT()SI_UNIT($,.RADIAN.));
#795=PLANE_ANGLE_MEASURE_WITH_UNIT(PLANE_ANGLE_MEASURE(0.0174532925),#794);
#796=(CONVERSION_BASED_UNIT('DEGREE',#795)NAMED_UNIT(#797)PLANE_ANGLE_UNIT());
#797=DIMENSIONAL_EXPONENTS(0.,0.,0.,0.,0.,0.,0.);
#798=(NAMED_UNIT(*)SI_UNIT($,.STERADIAN.)SOLID_ANGLE_UNIT());
#799=(LENGTH_UNIT()NAMED_UNIT(*)SI_UNIT(.MILLI.,.METRE.));
#800=UNCERTAINTY_MEASURE_WITH_UNIT(LENGTH_MEASURE(1.000000E-05),#799,'DISTANCE_ACCURACY_VALUE','Maximum Tolerance applied to model');
#801=(GEOMETRIC_REPRESENTATION_CONTEXT(3)GLOBAL_UNCERTAINTY_ASSIGNED_CONTEXT((#800))GLOBAL_UNIT_ASSIGNED_CONTEXT((#799,#796,#798))REPRESENTATION_CONTEXT('','SURF'));
#813=CARTESIAN_POINT('',(0.,0.,0.));
#814=DIRECTION('',(0.,0.,1.));
#815=DIRECTION('',(1.,0.,-0.));
#816=AXIS2_PLACEMENT_3D('',#813,#814,#815);
#817=ITEM_DEFINED_TRANSFORMATION('','',#816,#15);
#818=(REPRESENTATION_RELATIONSHIP('','',#803,#775)REPRESENTATION_RELATIONSHIP_WITH_TRANSFORMATION(#817)SHAPE_REPRESENTATION_RELATIONSHIP());
#819=NEXT_ASSEMBLY_USAGE_OCCURRENCE('SURF_2','SURF','SURF',#784,#812,$);
#820=PRODUCT_DEFINITION_SHAPE('','',#819);
#821=CONTEXT_DEPENDENT_SHAPE_REPRESENTATION(#818,#820);
#823=CARTESIAN_POINT('',(127.05,-57.878778735,-6.052166835));
#824=DIRECTION('',(0.,-0.,1.));
#825=DIRECTION('',(-0.707106781,-0.707106781,-0.));
#826=AXIS2_PLACEMENT_3D('',#823,#824,#825);
#827=PLANE('',#826);
#828=CARTESIAN_POINT('',(111.5,-73.428778735,-6.052166835));
#829=VERTEX_POINT('',#828);
#830=CARTESIAN_POINT('',(142.6,-73.428778735,-6.052166835));
#831=VERTEX_POINT('',#830);
#832=CARTESIAN_POINT('',(111.5,-73.428778735,-6.052166835));
#833=DIRECTION('',(1.,-0.,-0.));
#834=VECTOR('',#833,31.1);
#835=LINE('',#832,#834);
#836=EDGE_CURVE('',#829,#831,#835,.T.);
#837=ORIENTED_EDGE('',*,*,#836,.F.);
#838=CARTESIAN_POINT('',(111.5,-75.228778735,-6.052166835));
#839=VERTEX_POINT('',#838);
#840=CARTESIAN_POINT('',(111.5,-75.228778735,-6.052166835));
#841=DIRECTION('',(0.,1.,0.));
#842=VECTOR('',#841,1.8);
#843=LINE('',#840,#842);
#844=EDGE_CURVE('',#839,#829,#843,.T.);
#845=ORIENTED_EDGE('',*,*,#844,.F.);
#846=CARTESIAN_POINT('',(142.6,-75.228778735,-6.052166835));
#847=VERTEX_POINT('',#846);
#848=CARTESIAN_POINT('',(111.5,-75.228778735,-6.052166835));
#849=CARTESIAN_POINT('',(142.6,-75.228778735,-6.052166835));
#850=B_SPLINE_CURVE_WITH_KNOTS('',1,(#848,#849),.UNSPECIFIED.,.F.,.F.,(2,2),(0.,1.),.UNSPECIFIED.);
#851=EDGE_CURVE('',#839,#847,#850,.T.);
#852=ORIENTED_EDGE('',*,*,#851,.T.);
#853=CARTESIAN_POINT('',(142.6,-73.428778735,-6.052166835));
#854=DIRECTION('',(-0.,-1.,-0.));
#855=VECTOR('',#854,1.8);
#856=LINE('',#853,#855);
#857=EDGE_CURVE('',#831,#847,#856,.T.);
#858=ORIENTED_EDGE('',*,*,#857,.F.);
#859=EDGE_LOOP('',(#837,#845,#852,#858));
#860=FACE_BOUND('',#859,.T.);
#861=ADVANCED_FACE('SURF',(#860),#827,.T.);
#862=CARTESIAN_POINT('',(145.3,-75.228778735,-3.352166835));
#863=CARTESIAN_POINT('',(145.3,-75.228778735,-4.097751247));
#864=CARTESIAN_POINT('',(145.007875694,-75.228778735,-4.76266776));
#865=CARTESIAN_POINT('',(144.509188309,-75.228778735,-5.261355144));
#866=CARTESIAN_POINT('',(144.509164739,-75.228778735,-5.261378715));
#867=CARTESIAN_POINT('',(144.509141168,-75.228778735,-5.261402284));
#868=CARTESIAN_POINT('',(144.509117597,-75.228778735,-5.261425854));
#869=CARTESIAN_POINT('',(144.010435038,-75.228778735,-5.760071474));
#870=CARTESIAN_POINT('',(143.34554536,-75.228778735,-6.052166835));
#871=CARTESIAN_POINT('',(142.6,-75.228778735,-6.052166835));
#872=CARTESIAN_POINT('',(145.3,-73.428778735,-3.352166835));
#873=CARTESIAN_POINT('',(145.3,-73.428778735,-4.097751247));
#874=CARTESIAN_POINT('',(145.007875694,-73.428778735,-4.76266776));
#875=CARTESIAN_POINT('',(144.509188309,-73.428778735,-5.261355144));
#876=CARTESIAN_POINT('',(144.509164739,-73.428778735,-5.261378715));
#877=CARTESIAN_POINT('',(144.509141168,-73.428778735,-5.261402284));
#878=CARTESIAN_POINT('',(144.509117597,-73.428778735,-5.261425854));
#879=CARTESIAN_POINT('',(144.010435038,-73.428778735,-5.760071474));
#880=CARTESIAN_POINT('',(143.34554536,-73.428778735,-6.052166835));
#881=CARTESIAN_POINT('',(142.6,-73.428778735,-6.052166835));
#882=(BOUNDED_SURFACE()
B_SPLINE_SURFACE(1,3,((#862,#863,#864,#865,#866,#867,#868,#869,#870,#871),(#872,#873,#874,#875,#876,#877,#878,#879,#880,#881)),.UNSPECIFIED.,.F.,.F.,.U.)
B_SPLINE_SURFACE_WITH_KNOTS((2,2),(4,3,3,4),(-2.7,-0.9),(315.,360.,360.002357023,405.),.UNSPECIFIED.)
GEOMETRIC_REPRESENTATION_ITEM()
RATIONAL_B_SPLINE_SURFACE(((0.853553391,0.853553391,0.902368927,1.,0.999994886,0.999989773,0.999984659,0.902363813,0.853553391,0.853553391),(0.853553391,0.853553391,0.902368927,1.,0.999994886,0.999989773,0.999984659,0.902363813,0.853553391,0.853553391)))
REPRESENTATION_ITEM('')
SURFACE()
);
#883=CARTESIAN_POINT('',(145.3,-73.428778735,-3.352166835));
#884=VERTEX_POINT('',#883);
#885=CARTESIAN_POINT('',(142.6,-73.428778735,-6.052166835));
#886=CARTESIAN_POINT('',(143.345584412,-73.428778735,-6.052166835));
#887=CARTESIAN_POINT('',(144.010500925,-73.428778735,-5.760042529));
#888=CARTESIAN_POINT('',(144.509188309,-73.428778735,-5.261355144));
#889=CARTESIAN_POINT('',(144.509202451,-73.428778735,-5.261341002));
#890=CARTESIAN_POINT('',(144.509216593,-73.428778735,-5.26132686));
#891=CARTESIAN_POINT('',(144.509230735,-73.428778735,-5.261312717));
#892=CARTESIAN_POINT('',(145.007893061,-73.428778735,-4.762628228));
#893=CARTESIAN_POINT('',(145.3,-73.428778735,-4.097727816));
#894=CARTESIAN_POINT('',(145.3,-73.428778735,-3.352166835));
#895=(BOUNDED_CURVE()
B_SPLINE_CURVE(3,(#885,#886,#887,#888,#889,#890,#891,#892,#893,#894),.UNSPECIFIED.,.F.,.F.)
B_SPLINE_CURVE_WITH_KNOTS((4,3,3,4),(90.,135.,135.001414214,180.),.UNSPECIFIED.)
CURVE()
GEOMETRIC_REPRESENTATION_ITEM()
RATIONAL_B_SPLINE_CURVE((0.853553391,0.853553391,0.902368927,1.,0.999996932,0.999993864,0.999990795,0.902365859,0.853553391,0.853553391))
REPRESENTATION_ITEM(''));
#896=EDGE_CURVE('',#831,#884,#895,.T.);
#897=ORIENTED_EDGE('',*,*,#896,.F.);
#898=ORIENTED_EDGE('',*,*,#857,.T.);
#899=CARTESIAN_POINT('',(145.3,-75.228778735,-3.352166835));
#900=VERTEX_POINT('',#899);
#901=CARTESIAN_POINT('',(142.6,-75.228778735,-6.052166835));
#902=CARTESIAN_POINT('',(143.34554536,-75.228778735,-6.052166835));
#903=CARTESIAN_POINT('',(144.010435038,-75.228778735,-5.760071474));
#904=CARTESIAN_POINT('',(144.509117597,-75.228778735,-5.261425854));
#905=CARTESIAN_POINT('',(144.509141168,-75.228778735,-5.261402284));
#906=CARTESIAN_POINT('',(144.509164739,-75.228778735,-5.261378715));
#907=CARTESIAN_POINT('',(144.509188309,-75.228778735,-5.261355144));
#908=CARTESIAN_POINT('',(145.007875694,-75.228778735,-4.76266776));
#909=CARTESIAN_POINT('',(145.3,-75.228778735,-4.097751247));
#910=CARTESIAN_POINT('',(145.3,-75.228778735,-3.352166835));
#911=(BOUNDED_CURVE()
B_SPLINE_CURVE(3,(#901,#902,#903,#904,#905,#906,#907,#908,#909,#910),.UNSPECIFIED.,.F.,.F.)
B_SPLINE_CURVE_WITH_KNOTS((4,3,3,4),(315.,359.997642977,360.,405.),.UNSPECIFIED.)
CURVE()
GEOMETRIC_REPRESENTATION_ITEM()
RATIONAL_B_SPLINE_CURVE((0.853553391,0.853553391,0.902363813,0.999984659,0.999989773,0.999994886,1.,0.902368927,0.853553391,0.853553391))
REPRESENTATION_ITEM(''));
#912=EDGE_CURVE('',#847,#900,#911,.T.);
#913=ORIENTED_EDGE('',*,*,#912,.T.);
#914=CARTESIAN_POINT('',(145.3,-73.428778735,-3.352166835));
#915=CARTESIAN_POINT('',(145.3,-74.028778735,-3.352166835));
#916=CARTESIAN_POINT('',(145.3,-74.628778735,-3.352166835));
#917=CARTESIAN_POINT('',(145.3,-75.228778735,-3.352166835));
#918=B_SPLINE_CURVE_WITH_KNOTS('',3,(#914,#915,#916,#917),.UNSPECIFIED.,.F.,.F.,(4,4),(0.,1.8),.UNSPECIFIED.);
#919=EDGE_CURVE('',#884,#900,#918,.T.);
#920=ORIENTED_EDGE('',*,*,#919,.F.);
#921=EDGE_LOOP('',(#897,#898,#913,#920));
#922=FACE_BOUND('',#921,.T.);
#923=ADVANCED_FACE('SURF',(#922),#882,.T.);
#924=CARTESIAN_POINT('',(145.3,-67.428778735,2.647833165));
#925=DIRECTION('',(-1.,0.,0.));
#926=DIRECTION('',(-0.,-0.707106781,-0.707106781));
#927=AXIS2_PLACEMENT_3D('',#924,#925,#926);
#928=PLANE('',#927);
#929=CARTESIAN_POINT('',(145.3,-73.428778735,8.647833165));
#930=VERTEX_POINT('',#929);
#931=CARTESIAN_POINT('',(145.3,-73.428778735,-3.352166835));
#932=DIRECTION('',(0.,-0.,1.));
#933=VECTOR('',#932,12.);
#934=LINE('',#931,#933);
#935=EDGE_CURVE('',#884,#930,#934,.T.);
#936=ORIENTED_EDGE('',*,*,#935,.F.);
#937=ORIENTED_EDGE('',*,*,#919,.T.);
#938=CARTESIAN_POINT('',(145.3,-75.228778735,8.647833165));
#939=VERTEX_POINT('',#938);
#940=CARTESIAN_POINT('',(145.3,-75.228778735,-3.352166835));
#941=CARTESIAN_POINT('',(145.3,-75.228778735,8.647833165));
#942=B_SPLINE_CURVE_WITH_KNOTS('',1,(#940,#941),.UNSPECIFIED.,.F.,.F.,(2,2),(0.,1.),.UNSPECIFIED.);
#943=EDGE_CURVE('',#900,#939,#942,.T.);
#944=ORIENTED_EDGE('',*,*,#943,.T.);
#945=CARTESIAN_POINT('',(145.3,-73.428778735,8.647833165));
#946=DIRECTION('',(-0.,-1.,-0.));
#947=VECTOR('',#946,1.8);
#948=LINE('',#945,#947);
#949=EDGE_CURVE('',#930,#939,#948,.T.);
#950=ORIENTED_EDGE('',*,*,#949,.F.);
#951=EDGE_LOOP('',(#936,#937,#944,#950));
#952=FACE_BOUND('',#951,.T.);
#953=ADVANCED_FACE('SURF',(#952),#928,.T.);
#954=CARTESIAN_POINT('',(111.5,-75.228778735,-6.052166835));
#955=CARTESIAN_POINT('',(110.754415588,-75.228778735,-6.052166835));
#956=CARTESIAN_POINT('',(110.089499075,-75.228778735,-5.760042529));
#957=CARTESIAN_POINT('',(109.590811691,-75.228778735,-5.261355144));
#958=CARTESIAN_POINT('',(109.59078812,-75.228778735,-5.261331574));
#959=CARTESIAN_POINT('',(109.59076455,-75.228778735,-5.261308003));
#960=CARTESIAN_POINT('',(109.590740981,-75.228778735,-5.261284432));
#961=CARTESIAN_POINT('',(109.092095361,-75.228778735,-4.762601873));
#962=CARTESIAN_POINT('',(108.8,-75.228778735,-4.097712195));
#963=CARTESIAN_POINT('',(108.8,-75.228778735,-3.352166835));
#964=CARTESIAN_POINT('',(111.5,-73.428778735,-6.052166835));
#965=CARTESIAN_POINT('',(110.754415588,-73.428778735,-6.052166835));
#966=CARTESIAN_POINT('',(110.089499075,-73.428778735,-5.760042529));
#967=CARTESIAN_POINT('',(109.590811691,-73.428778735,-5.261355144));
#968=CARTESIAN_POINT('',(109.59078812,-73.428778735,-5.261331574));
#969=CARTESIAN_POINT('',(109.59076455,-73.428778735,-5.261308003));
#970=CARTESIAN_POINT('',(109.590740981,-73.428778735,-5.261284432));
#971=CARTESIAN_POINT('',(109.092095361,-73.428778735,-4.762601873));
#972=CARTESIAN_POINT('',(108.8,-73.428778735,-4.097712195));
#973=CARTESIAN_POINT('',(108.8,-73.428778735,-3.352166835));
#974=(BOUNDED_SURFACE()
B_SPLINE_SURFACE(1,3,((#954,#955,#956,#957,#958,#959,#960,#961,#962,#963),(#964,#965,#966,#967,#968,#969,#970,#971,#972,#973)),.UNSPECIFIED.,.F.,.F.,.U.)
B_SPLINE_SURFACE_WITH_KNOTS((2,2),(4,3,3,4),(-2.7,-0.9),(315.,360.,360.002357023,405.),.UNSPECIFIED.)
GEOMETRIC_REPRESENTATION_ITEM()
RATIONAL_B_SPLINE_SURFACE(((0.853553391,0.853553391,0.902368927,1.,0.999994886,0.999989773,0.999984659,0.902363813,0.853553391,0.853553391),(0.853553391,0.853553391,0.902368927,1.,0.999994886,0.999989773,0.999984659,0.902363813,0.853553391,0.853553391)))
REPRESENTATION_ITEM('')
SURFACE()
);
#975=CARTESIAN_POINT('',(108.8,-73.428778735,-3.352166835));
#976=VERTEX_POINT('',#975);
#977=CARTESIAN_POINT('',(108.8,-73.428778735,-3.352166835));
#978=CARTESIAN_POINT('',(108.8,-73.428778735,-4.097751247));
#979=CARTESIAN_POINT('',(109.092124306,-73.428778735,-4.76266776));
#980=CARTESIAN_POINT('',(109.590811691,-73.428778735,-5.261355144));
#981=CARTESIAN_POINT('',(109.590825833,-73.428778735,-5.261369286));
#982=CARTESIAN_POINT('',(109.590839975,-73.428778735,-5.261383428));
#983=CARTESIAN_POINT('',(109.590854118,-73.428778735,-5.26139757));
#984=CARTESIAN_POINT('',(110.089538607,-73.428778735,-5.760059896));
#985=CARTESIAN_POINT('',(110.754439019,-73.428778735,-6.052166835));
#986=CARTESIAN_POINT('',(111.5,-73.428778735,-6.052166835));
#987=(BOUNDED_CURVE()
B_SPLINE_CURVE(3,(#977,#978,#979,#980,#981,#982,#983,#984,#985,#986),.UNSPECIFIED.,.F.,.F.)
B_SPLINE_CURVE_WITH_KNOTS((4,3,3,4),(-0.,45.,45.001414214,90.),.UNSPECIFIED.)
CURVE()
GEOMETRIC_REPRESENTATION_ITEM()
RATIONAL_B_SPLINE_CURVE((0.853553391,0.853553391,0.902368927,1.,0.999996932,0.999993864,0.999990795,0.902365859,0.853553391,0.853553391))
REPRESENTATION_ITEM(''));
#988=EDGE_CURVE('',#976,#829,#987,.T.);
#989=ORIENTED_EDGE('',*,*,#988,.F.);
#990=CARTESIAN_POINT('',(108.8,-75.228778735,-3.352166835));
#991=VERTEX_POINT('',#990);
#992=CARTESIAN_POINT('',(108.8,-75.228778735,-3.352166835));
#993=CARTESIAN_POINT('',(108.8,-74.628778735,-3.352166835));
#994=CARTESIAN_POINT('',(108.8,-74.028778735,-3.352166835));
#995=CARTESIAN_POINT('',(108.8,-73.428778735,-3.352166835));
#996=B_SPLINE_CURVE_WITH_KNOTS('',3,(#992,#993,#994,#995),.UNSPECIFIED.,.F.,.F.,(4,4),(0.,1.8),.UNSPECIFIED.);
#997=EDGE_CURVE('',#991,#976,#996,.T.);
#998=ORIENTED_EDGE('',*,*,#997,.F.);
#999=CARTESIAN_POINT('',(108.8,-75.228778735,-3.352166835));
#1000=CARTESIAN_POINT('',(108.8,-75.228778735,-4.097712195));
#1001=CARTESIAN_POINT('',(109.092095361,-75.228778735,-4.762601873));
#1002=CARTESIAN_POINT('',(109.590740981,-75.228778735,-5.261284432));
#1003=CARTESIAN_POINT('',(109.59076455,-75.228778735,-5.261308003));
#1004=CARTESIAN_POINT('',(109.59078812,-75.228778735,-5.261331574));
#1005=CARTESIAN_POINT('',(109.590811691,-75.228778735,-5.261355144));
#1006=CARTESIAN_POINT('',(110.089499075,-75.228778735,-5.760042529));
#1007=CARTESIAN_POINT('',(110.754415588,-75.228778735,-6.052166835));
#1008=CARTESIAN_POINT('',(111.5,-75.228778735,-6.052166835));
#1009=(BOUNDED_CURVE()
B_SPLINE_CURVE(3,(#999,#1000,#1001,#1002,#1003,#1004,#1005,#1006,#1007,#1008),.UNSPECIFIED.,.F.,.F.)
B_SPLINE_CURVE_WITH_KNOTS((4,3,3,4),(315.,359.997642977,360.,405.),.UNSPECIFIED.)
CURVE()
GEOMETRIC_REPRESENTATION_ITEM()
RATIONAL_B_SPLINE_CURVE((0.853553391,0.853553391,0.902363813,0.999984659,0.999989773,0.999994886,1.,0.902368927,0.853553391,0.853553391))
REPRESENTATION_ITEM(''));
#1010=EDGE_CURVE('',#991,#839,#1009,.T.);
#1011=ORIENTED_EDGE('',*,*,#1010,.T.);
#1012=ORIENTED_EDGE('',*,*,#844,.T.);
#1013=EDGE_LOOP('',(#989,#998,#1011,#1012));
#1014=FACE_BOUND('',#1013,.T.);
#1015=ADVANCED_FACE('SURF',(#1014),#974,.T.);
#1016=CARTESIAN_POINT('',(142.6,-75.228778735,11.347833165));
#1017=CARTESIAN_POINT('',(143.345584412,-75.228778735,11.347833165));
#1018=CARTESIAN_POINT('',(144.010500925,-75.228778735,11.055708859));
#1019=CARTESIAN_POINT('',(144.509188309,-75.228778735,10.557021474));
#1020=CARTESIAN_POINT('',(144.50921188,-75.228778735,10.556997904));
#1021=CARTESIAN_POINT('',(144.50923545,-75.228778735,10.556974333));
#1022=CARTESIAN_POINT('',(144.509259019,-75.228778735,10.556950762));
#1023=CARTESIAN_POINT('',(145.007904639,-75.228778735,10.058268203));
#1024=CARTESIAN_POINT('',(145.3,-75.228778735,9.393378525));
#1025=CARTESIAN_POINT('',(145.3,-75.228778735,8.647833165));
#1026=CARTESIAN_POINT('',(142.6,-73.428778735,11.347833165));
#1027=CARTESIAN_POINT('',(143.345584412,-73.428778735,11.347833165));
#1028=CARTESIAN_POINT('',(144.010500925,-73.428778735,11.055708859));
#1029=CARTESIAN_POINT('',(144.509188309,-73.428778735,10.557021474));
#1030=CARTESIAN_POINT('',(144.50921188,-73.428778735,10.556997904));
#1031=CARTESIAN_POINT('',(144.50923545,-73.428778735,10.556974333));
#1032=CARTESIAN_POINT('',(144.509259019,-73.428778735,10.556950762));
#1033=CARTESIAN_POINT('',(145.007904639,-73.428778735,10.058268203));
#1034=CARTESIAN_POINT('',(145.3,-73.428778735,9.393378525));
#1035=CARTESIAN_POINT('',(145.3,-73.428778735,8.647833165));
#1036=(BOUNDED_SURFACE()
B_SPLINE_SURFACE(1,3,((#1016,#1017,#1018,#1019,#1020,#1021,#1022,#1023,#1024,#1025),(#1026,#1027,#1028,#1029,#1030,#1031,#1032,#1033,#1034,#1035)),.UNSPECIFIED.,.F.,.F.,.U.)
B_SPLINE_SURFACE_WITH_KNOTS((2,2),(4,3,3,4),(-2.7,-0.9),(315.,360.,360.002357023,405.),.UNSPECIFIED.)
GEOMETRIC_REPRESENTATION_ITEM()
RATIONAL_B_SPLINE_SURFACE(((0.853553391,0.853553391,0.902368927,1.,0.999994886,0.999989773,0.999984659,0.902363813,0.853553391,0.853553391),(0.853553391,0.853553391,0.902368927,1.,0.999994886,0.999989773,0.999984659,0.902363813,0.853553391,0.853553391)))
REPRESENTATION_ITEM('')
SURFACE()
);
#1037=CARTESIAN_POINT('',(142.6,-73.428778735,11.347833165));
#1038=VERTEX_POINT('',#1037);
#1039=CARTESIAN_POINT('',(145.3,-73.428778735,8.647833165));
#1040=CARTESIAN_POINT('',(145.3,-73.428778735,9.393417577));
#1041=CARTESIAN_POINT('',(145.007875694,-73.428778735,10.05833409));
#1042=CARTESIAN_POINT('',(144.509188309,-73.428778735,10.557021474));
#1043=CARTESIAN_POINT('',(144.509174167,-73.428778735,10.557035616));
#1044=CARTESIAN_POINT('',(144.509160025,-73.428778735,10.557049758));
#1045=CARTESIAN_POINT('',(144.509145882,-73.428778735,10.5570639));
#1046=CARTESIAN_POINT('',(144.010461393,-73.428778735,11.055726226));
#1047=CARTESIAN_POINT('',(143.345560981,-73.428778735,11.347833165));
#1048=CARTESIAN_POINT('',(142.6,-73.428778735,11.347833165));
#1049=(BOUNDED_CURVE()
B_SPLINE_CURVE(3,(#1039,#1040,#1041,#1042,#1043,#1044,#1045,#1046,#1047,#1048),.UNSPECIFIED.,.F.,.F.)
B_SPLINE_CURVE_WITH_KNOTS((4,3,3,4),(180.,225.,225.001414214,270.),.UNSPECIFIED.)
CURVE()
GEOMETRIC_REPRESENTATION_ITEM()
RATIONAL_B_SPLINE_CURVE((0.853553391,0.853553391,0.902368927,1.,0.999996932,0.999993864,0.999990795,0.902365859,0.853553391,0.853553391))
REPRESENTATION_ITEM(''));
#1050=EDGE_CURVE('',#930,#1038,#1049,.T.);
#1051=ORIENTED_EDGE('',*,*,#1050,.F.);
#1052=ORIENTED_EDGE('',*,*,#949,.T.);
#1053=CARTESIAN_POINT('',(142.6,-75.228778735,11.347833165));
#1054=VERTEX_POINT('',#1053);
#1055=CARTESIAN_POINT('',(145.3,-75.228778735,8.647833165));
#1056=CARTESIAN_POINT('',(145.3,-75.228778735,9.393378525));
#1057=CARTESIAN_POINT('',(145.007904639,-75.228778735,10.058268203));
#1058=CARTESIAN_POINT('',(144.509259019,-75.228778735,10.556950762));
#1059=CARTESIAN_POINT('',(144.50923545,-75.228778735,10.556974333));
#1060=CARTESIAN_POINT('',(144.50921188,-75.228778735,10.556997904));
#1061=CARTESIAN_POINT('',(144.509188309,-75.228778735,10.557021474));
#1062=CARTESIAN_POINT('',(144.010500925,-75.228778735,11.055708859));
#1063=CARTESIAN_POINT('',(143.345584412,-75.228778735,11.347833165));
#1064=CARTESIAN_POINT('',(142.6,-75.228778735,11.347833165));
#1065=(BOUNDED_CURVE()
B_SPLINE_CURVE(3,(#1055,#1056,#1057,#1058,#1059,#1060,#1061,#1062,#1063,#1064),.UNSPECIFIED.,.F.,.F.)
B_SPLINE_CURVE_WITH_KNOTS((4,3,3,4),(315.,359.997642977,360.,405.),.UNSPECIFIED.)
CURVE()
GEOMETRIC_REPRESENTATION_ITEM()
RATIONAL_B_SPLINE_CURVE((0.853553391,0.853553391,0.902363813,0.999984659,0.999989773,0.999994886,1.,0.902368927,0.853553391,0.853553391))
REPRESENTATION_ITEM(''));
#1066=EDGE_CURVE('',#939,#1054,#1065,.T.);
#1067=ORIENTED_EDGE('',*,*,#1066,.T.);
#1068=CARTESIAN_POINT('',(142.6,-73.428778735,11.347833165));
#1069=CARTESIAN_POINT('',(142.6,-74.028778735,11.347833165));
#1070=CARTESIAN_POINT('',(142.6,-74.628778735,11.347833165));
#1071=CARTESIAN_POINT('',(142.6,-75.228778735,11.347833165));
#1072=B_SPLINE_CURVE_WITH_KNOTS('',3,(#1068,#1069,#1070,#1071),.UNSPECIFIED.,.F.,.F.,(4,4),(0.,1.8),.UNSPECIFIED.);
#1073=EDGE_CURVE('',#1038,#1054,#1072,.T.);
#1074=ORIENTED_EDGE('',*,*,#1073,.F.);
#1075=EDGE_LOOP('',(#1051,#1052,#1067,#1074));
#1076=FACE_BOUND('',#1075,.T.);
#1077=ADVANCED_FACE('SURF',(#1076),#1036,.T.);
#1078=CARTESIAN_POINT('',(127.05,-75.228778735,28.016209784));
#1079=DIRECTION('',(-0.,-1.,-0.));
#1080=DIRECTION('',(-0.707106781,0.,-0.707106781));
#1081=AXIS2_PLACEMENT_3D('',#1078,#1079,#1080);
#1082=PLANE('',#1081);
#1083=ORIENTED_EDGE('',*,*,#1010,.F.);
#1084=CARTESIAN_POINT('',(108.8,-75.228778735,8.647833165));
#1085=VERTEX_POINT('',#1084);
#1086=CARTESIAN_POINT('',(108.8,-75.228778735,8.647833165));
#1087=CARTESIAN_POINT('',(108.8,-75.228778735,-3.352166835));
#1088=B_SPLINE_CURVE_WITH_KNOTS('',1,(#1086,#1087),.UNSPECIFIED.,.F.,.F.,(2,2),(0.,1.),.UNSPECIFIED.);
#1089=EDGE_CURVE('',#1085,#991,#1088,.T.);
#1090=ORIENTED_EDGE('',*,*,#1089,.F.);
#1091=CARTESIAN_POINT('',(111.5,-75.228778735,11.347833165));
#1092=VERTEX_POINT('',#1091);
#1093=CARTESIAN_POINT('',(111.5,-75.228778735,11.347833165));
#1094=CARTESIAN_POINT('',(110.75445464,-75.228778735,11.347833165));
#1095=CARTESIAN_POINT('',(110.089564962,-75.228778735,11.055737805));
#1096=CARTESIAN_POINT('',(109.590882403,-75.228778735,10.557092184));
#1097=CARTESIAN_POINT('',(109.590858832,-75.228778735,10.557068615));
#1098=CARTESIAN_POINT('',(109.590835261,-75.228778735,10.557045045));
#1099=CARTESIAN_POINT('',(109.590811691,-75.228778735,10.557021474));
#1100=CARTESIAN_POINT('',(109.092124306,-75.228778735,10.05833409));
#1101=CARTESIAN_POINT('',(108.8,-75.228778735,9.393417577));
#1102=CARTESIAN_POINT('',(108.8,-75.228778735,8.647833165));
#1103=(BOUNDED_CURVE()
B_SPLINE_CURVE(3,(#1093,#1094,#1095,#1096,#1097,#1098,#1099,#1100,#1101,#1102),.UNSPECIFIED.,.F.,.F.)
B_SPLINE_CURVE_WITH_KNOTS((4,3,3,4),(-45.,-0.002357023,-0.,45.),.UNSPECIFIED.)
CURVE()
GEOMETRIC_REPRESENTATION_ITEM()
RATIONAL_B_SPLINE_CURVE((0.853553391,0.853553391,0.902363813,0.999984659,0.999989773,0.999994886,1.,0.902368927,0.853553391,0.853553391))
REPRESENTATION_ITEM(''));
#1104=EDGE_CURVE('',#1092,#1085,#1103,.T.);
#1105=ORIENTED_EDGE('',*,*,#1104,.F.);
#1106=CARTESIAN_POINT('',(142.6,-75.228778735,11.347833165));
#1107=CARTESIAN_POINT('',(111.5,-75.228778735,11.347833165));
#1108=B_SPLINE_CURVE_WITH_KNOTS('',1,(#1106,#1107),.UNSPECIFIED.,.F.,.F.,(2,2),(0.,1.),.UNSPECIFIED.);
#1109=EDGE_CURVE('',#1054,#1092,#1108,.T.);
#1110=ORIENTED_EDGE('',*,*,#1109,.F.);
#1111=ORIENTED_EDGE('',*,*,#1066,.F.);
#1112=ORIENTED_EDGE('',*,*,#943,.F.);
#1113=ORIENTED_EDGE('',*,*,#912,.F.);
#1114=ORIENTED_EDGE('',*,*,#851,.F.);
#1115=EDGE_LOOP('',(#1083,#1090,#1105,#1110,#1111,#1112,#1113,#1114));
#1116=FACE_BOUND('',#1115,.T.);
#1117=ADVANCED_FACE('SURF',(#1116),#1082,.F.);
#1118=CARTESIAN_POINT('',(108.8,-74.328778735,9.547833165));
#1119=DIRECTION('',(1.,-0.,0.));
#1120=DIRECTION('',(-0.,-0.707106781,-0.707106781));
#1121=AXIS2_PLACEMENT_3D('',#1118,#1119,#1120);
#1122=PLANE('',#1121);
#1123=CARTESIAN_POINT('',(108.8,-73.428778735,8.647833165));
#1124=VERTEX_POINT('',#1123);
#1125=CARTESIAN_POINT('',(108.8,-73.428778735,8.647833165));
#1126=DIRECTION('',(-0.,0.,-1.));
#1127=VECTOR('',#1126,12.);
#1128=LINE('',#1125,#1127);
#1129=EDGE_CURVE('',#1124,#976,#1128,.T.);
#1130=ORIENTED_EDGE('',*,*,#1129,.F.);
#1131=CARTESIAN_POINT('',(108.8,-75.228778735,8.647833165));
#1132=DIRECTION('',(0.,1.,0.));
#1133=VECTOR('',#1132,1.8);
#1134=LINE('',#1131,#1133);
#1135=EDGE_CURVE('',#1085,#1124,#1134,.T.);
#1136=ORIENTED_EDGE('',*,*,#1135,.F.);
#1137=ORIENTED_EDGE('',*,*,#1089,.T.);
#1138=ORIENTED_EDGE('',*,*,#997,.T.);
#1139=EDGE_LOOP('',(#1130,#1136,#1137,#1138));
#1140=FACE_BOUND('',#1139,.T.);
#1141=ADVANCED_FACE('SURF',(#1140),#1122,.T.);
#1142=CARTESIAN_POINT('',(142.6,-73.428778152,-6.052166835));
#1143=CARTESIAN_POINT('',(111.5,-73.428778152,-6.052166835));
#1144=CARTESIAN_POINT('',(142.6,-72.9015706,-6.052167176));
#1145=CARTESIAN_POINT('',(111.5,-72.9015706,-6.052167176));
#1146=CARTESIAN_POINT('',(142.6,-72.528778735,-6.424959341));
#1147=CARTESIAN_POINT('',(111.5,-72.528778735,-6.424959341));
#1148=CARTESIAN_POINT('',(142.6,-72.528778735,-6.952166835));
#1149=CARTESIAN_POINT('',(111.5,-72.528778735,-6.952166835));
#1150=CARTESIAN_POINT('',(142.6,-72.528778735,-6.952200169));
#1151=CARTESIAN_POINT('',(111.5,-72.528778735,-6.952200169));
#1152=CARTESIAN_POINT('',(142.6,-72.528778737,-6.952233503));
#1153=CARTESIAN_POINT('',(111.5,-72.528778737,-6.952233503));
#1154=CARTESIAN_POINT('',(142.6,-72.52877874,-6.952266837));
#1155=CARTESIAN_POINT('',(111.5,-72.52877874,-6.952266837));
#1156=CARTESIAN_POINT('',(142.6,-72.528837316,-7.479432906));
#1157=CARTESIAN_POINT('',(111.5,-72.528837316,-7.479432906));
#1158=CARTESIAN_POINT('',(142.6,-72.901622071,-7.852166494));
#1159=CARTESIAN_POINT('',(111.5,-72.901622071,-7.852166494));
#1160=CARTESIAN_POINT('',(142.6,-73.428778152,-7.852166835));
#1161=CARTESIAN_POINT('',(111.5,-73.428778152,-7.852166835));
#1162=(BOUNDED_SURFACE()
B_SPLINE_SURFACE(3,1,((#1142,#1143),(#1144,#1145),(#1146,#1147),(#1148,#1149),(#1150,#1151),(#1152,#1153),(#1154,#1155),(#1156,#1157),(#1158,#1159),(#1160,#1161)),.UNSPECIFIED.,.F.,.F.,.U.)
B_SPLINE_SURFACE_WITH_KNOTS((4,3,3,4),(2,2),(225.000041188,315.,315.007071068,404.999958819),(-7.775,23.325),.UNSPECIFIED.)
GEOMETRIC_REPRESENTATION_ITEM()
RATIONAL_B_SPLINE_SURFACE(((0.999999732,0.999999732),(0.804737854,0.804737854),(0.804737943,0.804737943),(1.,1.),(0.999984659,0.999984659),(0.999969319,0.999969319),(0.99995398,0.99995398),(0.804737945,0.804737945),(0.804753195,0.804753195),(0.999999732,0.999999732)))
REPRESENTATION_ITEM('')
SURFACE()
);
#1163=CARTESIAN_POINT('',(142.6,-73.428778735,-7.852166835));
#1164=VERTEX_POINT('',#1163);
#1165=CARTESIAN_POINT('',(142.6,-73.428778735,-7.852166835));
#1166=CARTESIAN_POINT('',(142.6,-72.901622412,-7.852166835));
#1167=CARTESIAN_POINT('',(142.6,-72.528837316,-7.479433206));
#1168=CARTESIAN_POINT('',(142.6,-72.52877874,-6.952266837));
#1169=CARTESIAN_POINT('',(142.6,-72.528778737,-6.952233503));
#1170=CARTESIAN_POINT('',(142.6,-72.528778735,-6.952200169));
#1171=CARTESIAN_POINT('',(142.6,-72.528778735,-6.952166835));
#1172=CARTESIAN_POINT('',(142.6,-72.528778735,-6.424959041));
#1173=CARTESIAN_POINT('',(142.6,-72.901570941,-6.052166835));
#1174=CARTESIAN_POINT('',(142.6,-73.428778735,-6.052166835));
#1175=(BOUNDED_CURVE()
B_SPLINE_CURVE(3,(#1165,#1166,#1167,#1168,#1169,#1170,#1171,#1172,#1173,#1174),.UNSPECIFIED.,.F.,.F.)
B_SPLINE_CURVE_WITH_KNOTS((4,3,3,4),(180.,269.992928932,270.,360.),.UNSPECIFIED.)
CURVE()
GEOMETRIC_REPRESENTATION_ITEM()
RATIONAL_B_SPLINE_CURVE((0.853553391,0.686899818,0.686886725,0.85351411,0.853527202,0.853540296,0.853553391,0.686886724,0.686886724,0.853553391))
REPRESENTATION_ITEM(''));
#1176=EDGE_CURVE('',#1164,#831,#1175,.T.);
#1177=ORIENTED_EDGE('',*,*,#1176,.F.);
#1178=CARTESIAN_POINT('',(111.5,-73.428778735,-7.852166835));
#1179=VERTEX_POINT('',#1178);
#1180=CARTESIAN_POINT('',(111.5,-73.428778735,-7.852166835));
#1181=CARTESIAN_POINT('',(121.866666667,-73.428778735,-7.852166835));
#1182=CARTESIAN_POINT('',(132.233333333,-73.428778735,-7.852166835));
#1183=CARTESIAN_POINT('',(142.6,-73.428778735,-7.852166835));
#1184=B_SPLINE_CURVE_WITH_KNOTS('',3,(#1180,#1181,#1182,#1183),.UNSPECIFIED.,.F.,.F.,(4,4),(0.,31.1),.UNSPECIFIED.);
#1185=EDGE_CURVE('',#1179,#1164,#1184,.T.);
#1186=ORIENTED_EDGE('',*,*,#1185,.F.);
#1187=CARTESIAN_POINT('',(111.5,-73.428778735,-6.052166835));
#1188=CARTESIAN_POINT('',(111.5,-72.901570941,-6.052166835));
#1189=CARTESIAN_POINT('',(111.5,-72.528778735,-6.424959041));
#1190=CARTESIAN_POINT('',(111.5,-72.528778735,-6.952166835));
#1191=CARTESIAN_POINT('',(111.5,-72.528778735,-6.952200169));
#1192=CARTESIAN_POINT('',(111.5,-72.528778737,-6.952233503));
#1193=CARTESIAN_POINT('',(111.5,-72.52877874,-6.952266837));
#1194=CARTESIAN_POINT('',(111.5,-72.528837316,-7.479433206));
#1195=CARTESIAN_POINT('',(111.5,-72.901622412,-7.852166835));
#1196=CARTESIAN_POINT('',(111.5,-73.428778735,-7.852166835));
#1197=(BOUNDED_CURVE()
B_SPLINE_CURVE(3,(#1187,#1188,#1189,#1190,#1191,#1192,#1193,#1194,#1195,#1196),.UNSPECIFIED.,.F.,.F.)
B_SPLINE_CURVE_WITH_KNOTS((4,3,3,4),(180.,270.,270.007071068,360.),.UNSPECIFIED.)
CURVE()
GEOMETRIC_REPRESENTATION_ITEM()
RATIONAL_B_SPLINE_CURVE((0.853553391,0.686886724,0.686886724,0.853553391,0.853540296,0.853527202,0.85351411,0.686886725,0.686899818,0.853553391))
REPRESENTATION_ITEM(''));
#1198=EDGE_CURVE('',#829,#1179,#1197,.T.);
#1199=ORIENTED_EDGE('',*,*,#1198,.F.);
#1200=ORIENTED_EDGE('',*,*,#836,.T.);
#1201=EDGE_LOOP('',(#1177,#1186,#1199,#1200));
#1202=FACE_BOUND('',#1201,.T.);
#1203=ADVANCED_FACE('SURF',(#1202),#1162,.T.);
#1204=CARTESIAN_POINT('',(142.6,-73.428778162,-6.052166835));
#1205=CARTESIAN_POINT('',(142.6,-72.901570606,-6.05216717));
#1206=CARTESIAN_POINT('',(142.6,-72.528778735,-6.424959336));
#1207=CARTESIAN_POINT('',(142.6,-72.528778735,-6.952166835));
#1208=CARTESIAN_POINT('',(142.6,-72.528778735,-6.952200169));
#1209=CARTESIAN_POINT('',(142.6,-72.528778737,-6.952233503));
#1210=CARTESIAN_POINT('',(142.6,-72.52877874,-6.952266837));
#1211=CARTESIAN_POINT('',(142.6,-72.528837316,-7.479432897));
#1212=CARTESIAN_POINT('',(142.6,-72.901622061,-7.852166484));
#1213=CARTESIAN_POINT('',(142.6,-73.428778135,-7.852166835));
#1214=CARTESIAN_POINT('',(143.345584412,-73.428778162,-6.052166835));
#1215=CARTESIAN_POINT('',(143.345584505,-72.901570606,-6.05216717));
#1216=CARTESIAN_POINT('',(143.448528219,-72.528778735,-6.424959336));
#1217=CARTESIAN_POINT('',(143.59411255,-72.528778735,-6.952166835));
#1218=CARTESIAN_POINT('',(143.594121755,-72.528778735,-6.952200169));
#1219=CARTESIAN_POINT('',(143.59413096,-72.528778737,-6.952233503));
#1220=CARTESIAN_POINT('',(143.594140165,-72.52877874,-6.952266837));
#1221=CARTESIAN_POINT('',(143.739713052,-72.528837316,-7.479432897));
#1222=CARTESIAN_POINT('',(143.84264059,-72.901622061,-7.852166484));
#1223=CARTESIAN_POINT('',(143.842640687,-73.428778135,-7.852166835));
#1224=CARTESIAN_POINT('',(144.010500925,-73.428778162,-5.760042529));
#1225=CARTESIAN_POINT('',(144.0105011,-72.901570606,-5.760042828));
#1226=CARTESIAN_POINT('',(144.205250616,-72.528778735,-6.092501048));
#1227=CARTESIAN_POINT('',(144.4806679,-72.528778735,-6.56266776));
#1228=CARTESIAN_POINT('',(144.480685314,-72.528778735,-6.562697487));
#1229=CARTESIAN_POINT('',(144.480702728,-72.528778737,-6.562727215));
#1230=CARTESIAN_POINT('',(144.480720142,-72.52877874,-6.562756942));
#1231=CARTESIAN_POINT('',(144.756115777,-72.528837316,-7.032886699));
#1232=CARTESIAN_POINT('',(144.950834691,-72.901622061,-7.365292678));
#1233=CARTESIAN_POINT('',(144.950834875,-73.428778135,-7.365292991));
#1234=CARTESIAN_POINT('',(144.509188309,-73.428778162,-5.261355144));
#1235=CARTESIAN_POINT('',(144.509188546,-72.901570606,-5.261355381));
#1236=CARTESIAN_POINT('',(144.772792414,-72.528778735,-5.524959249));
#1237=CARTESIAN_POINT('',(145.145584412,-72.528778735,-5.897751247));
#1238=CARTESIAN_POINT('',(145.145607983,-72.528778735,-5.897774818));
#1239=CARTESIAN_POINT('',(145.145631554,-72.528778737,-5.897798389));
#1240=CARTESIAN_POINT('',(145.145655125,-72.52877874,-5.89782196));
#1241=CARTESIAN_POINT('',(145.51841782,-72.528837316,-6.270584655));
#1242=CARTESIAN_POINT('',(145.781980267,-72.901622061,-6.534147102));
#1243=CARTESIAN_POINT('',(145.781980515,-73.428778135,-6.53414735));
#1244=CARTESIAN_POINT('',(144.509202451,-73.428778162,-5.261341002));
#1245=CARTESIAN_POINT('',(144.509202688,-72.901570606,-5.261341239));
#1246=CARTESIAN_POINT('',(144.772808509,-72.528778735,-5.524943155));
#1247=CARTESIAN_POINT('',(145.145603269,-72.528778735,-5.897732391));
#1248=CARTESIAN_POINT('',(145.145626839,-72.528778735,-5.897755961));
#1249=CARTESIAN_POINT('',(145.14565041,-72.528778737,-5.897779532));
#1250=CARTESIAN_POINT('',(145.145673981,-72.52877874,-5.897803103));
#1251=CARTESIAN_POINT('',(145.518439438,-72.528837316,-6.270563037));
#1252=CARTESIAN_POINT('',(145.782003837,-72.901622061,-6.534123532));
#1253=CARTESIAN_POINT('',(145.782004086,-73.428778135,-6.53412378));
#1254=CARTESIAN_POINT('',(144.509216593,-73.428778162,-5.26132686));
#1255=CARTESIAN_POINT('',(144.50921683,-72.901570606,-5.261327097));
#1256=CARTESIAN_POINT('',(144.772824604,-72.528778735,-5.52492706));
#1257=CARTESIAN_POINT('',(145.145622125,-72.528778735,-5.897713535));
#1258=CARTESIAN_POINT('',(145.145645696,-72.528778735,-5.897737105));
#1259=CARTESIAN_POINT('',(145.145669267,-72.528778737,-5.897760675));
#1260=CARTESIAN_POINT('',(145.145692838,-72.52877874,-5.897784246));
#1261=CARTESIAN_POINT('',(145.518461056,-72.528837316,-6.270541419));
#1262=CARTESIAN_POINT('',(145.782027407,-72.901622061,-6.534099961));
#1263=CARTESIAN_POINT('',(145.782027656,-73.428778135,-6.534100209));
#1264=CARTESIAN_POINT('',(144.509230735,-73.428778162,-5.261312717));
#1265=CARTESIAN_POINT('',(144.509230972,-72.901570606,-5.261312954));
#1266=CARTESIAN_POINT('',(144.772840698,-72.528778735,-5.524910964));
#1267=CARTESIAN_POINT('',(145.14564098,-72.528778735,-5.897694678));
#1268=CARTESIAN_POINT('',(145.145664552,-72.528778735,-5.897718248));
#1269=CARTESIAN_POINT('',(145.145688123,-72.528778737,-5.897741818));
#1270=CARTESIAN_POINT('',(145.145711694,-72.52877874,-5.897765389));
#1271=CARTESIAN_POINT('',(145.518482674,-72.528837316,-6.270519801));
#1272=CARTESIAN_POINT('',(145.782050977,-72.901622061,-6.53407639));
#1273=CARTESIAN_POINT('',(145.782051226,-73.428778135,-6.534076639));
#1274=CARTESIAN_POINT('',(145.007893061,-73.428778162,-4.762628228));
#1275=CARTESIAN_POINT('',(145.00789336,-72.901570606,-4.762628403));
#1276=CARTESIAN_POINT('',(145.340353978,-72.528778735,-4.957372461));
#1277=CARTESIAN_POINT('',(145.810524082,-72.528778735,-5.232782025));
#1278=CARTESIAN_POINT('',(145.810553809,-72.528778735,-5.232799439));
#1279=CARTESIAN_POINT('',(145.810583537,-72.528778737,-5.232816852));
#1280=CARTESIAN_POINT('',(145.810613265,-72.52877874,-5.232834266));
#1281=CARTESIAN_POINT('',(146.280746412,-72.528837316,-5.508222183));
#1282=CARTESIAN_POINT('',(146.613154789,-72.901622061,-5.70293564));
#1283=CARTESIAN_POINT('',(146.613155102,-73.428778135,-5.702935823));
#1284=CARTESIAN_POINT('',(145.3,-73.428778162,-4.097727816));
#1285=CARTESIAN_POINT('',(145.300000335,-72.901570606,-4.097727908));
#1286=CARTESIAN_POINT('',(145.672792501,-72.528778735,-4.200668387));
#1287=CARTESIAN_POINT('',(146.2,-72.528778735,-4.346248143));
#1288=CARTESIAN_POINT('',(146.200033334,-72.528778735,-4.346257347));
#1289=CARTESIAN_POINT('',(146.200066668,-72.528778737,-4.346266552));
#1290=CARTESIAN_POINT('',(146.200100002,-72.52877874,-4.346275757));
#1291=CARTESIAN_POINT('',(146.727266062,-72.528837316,-4.49184407));
#1292=CARTESIAN_POINT('',(147.099999649,-72.901622061,-4.594768373));
#1293=CARTESIAN_POINT('',(147.1,-73.428778135,-4.59476847));
#1294=CARTESIAN_POINT('',(145.3,-73.428778162,-3.352166835));
#1295=CARTESIAN_POINT('',(145.300000335,-72.901570606,-3.352166835));
#1296=CARTESIAN_POINT('',(145.672792501,-72.528778735,-3.352166835));
#1297=CARTESIAN_POINT('',(146.2,-72.528778735,-3.352166835));
#1298=CARTESIAN_POINT('',(146.200033334,-72.528778735,-3.352166835));
#1299=CARTESIAN_POINT('',(146.200066668,-72.528778737,-3.352166835));
#1300=CARTESIAN_POINT('',(146.200100002,-72.52877874,-3.352166835));
#1301=CARTESIAN_POINT('',(146.727266062,-72.528837316,-3.352166835));
#1302=CARTESIAN_POINT('',(147.099999649,-72.901622061,-3.352166835));
#1303=CARTESIAN_POINT('',(147.1,-73.428778135,-3.352166835));
#1304=(BOUNDED_SURFACE()
B_SPLINE_SURFACE(3,3,((#1204,#1205,#1206,#1207,#1208,#1209,#1210,#1211,#1212,#1213),(#1214,#1215,#1216,#1217,#1218,#1219,#1220,#1221,#1222,#1223),(#1224,#1225,#1226,#1227,#1228,#1229,#1230,#1231,#1232,#1233),(#1234,#1235,#1236,#1237,#1238,#1239,#1240,#1241,#1242,#1243),(#1244,#1245,#1246,#1247,#1248,#1249,#1250,#1251,#1252,#1253),(#1254,#1255,#1256,#1257,#1258,#1259,#1260,#1261,#1262,#1263),(#1264,#1265,#1266,#1267,#1268,#1269,#1270,#1271,#1272,#1273),(#1274,#1275,#1276,#1277,#1278,#1279,#1280,#1281,#1282,#1283),(#1284,#1285,#1286,#1287,#1288,#1289,#1290,#1291,#1292,#1293),(#1294,#1295,#1296,#1297,#1298,#1299,#1300,#1301,#1302,#1303)),.UNSPECIFIED.,.F.,.F.,.U.)
B_SPLINE_SURFACE_WITH_KNOTS((4,3,3,4),(4,3,3,4),(90.,135.,135.001414214,180.),(180.000040464,270.,270.007071068,359.999957613),.UNSPECIFIED.)
GEOMETRIC_REPRESENTATION_ITEM()
RATIONAL_B_SPLINE_SURFACE(((0.853553166,0.686886724,0.686886799,0.853553391,0.853540296,0.853527202,0.85351411,0.686886803,0.686899818,0.853553155),(0.853553166,0.686886724,0.686886799,0.853553391,0.853540296,0.853527202,0.85351411,0.686886803,0.686899818,0.853553155),(0.902368689,0.726170434,0.726170513,0.902368927,0.902355084,0.902341241,0.9023274,0.726170518,0.726184277,0.902368678),(0.999999737,0.804737854,0.804737942,1.,0.999984659,0.999969319,0.99995398,0.804737947,0.804753195,0.999999724),(0.999996668,0.804735385,0.804735473,0.999996932,0.999981591,0.999966251,0.999950912,0.804735478,0.804750726,0.999996656),(0.9999936,0.804732916,0.804733004,0.999993864,0.999978522,0.999963182,0.999947844,0.804733009,0.804748257,0.999993588),(0.999990532,0.804730447,0.804730535,0.999990795,0.999975454,0.999960114,0.999944776,0.80473054,0.804745788,0.99999052),(0.902365621,0.726167965,0.726168044,0.902365859,0.902352015,0.902338173,0.902324332,0.726168049,0.726181808,0.90236561),(0.853553166,0.686886724,0.686886799,0.853553391,0.853540296,0.853527202,0.85351411,0.686886803,0.686899818,0.853553155),(0.853553166,0.686886724,0.686886799,0.853553391,0.853540296,0.853527202,0.85351411,0.686886803,0.686899818,0.853553155)))
REPRESENTATION_ITEM('')
SURFACE()
);
#1305=ORIENTED_EDGE('',*,*,#1176,.T.);
#1306=ORIENTED_EDGE('',*,*,#896,.T.);
#1307=CARTESIAN_POINT('',(147.1,-73.428778735,-3.352166835));
#1308=VERTEX_POINT('',#1307);
#1309=CARTESIAN_POINT('',(147.1,-73.428778735,-3.352166835));
#1310=CARTESIAN_POINT('',(147.1,-72.901622412,-3.352166835));
#1311=CARTESIAN_POINT('',(146.727266371,-72.528837316,-3.352166835));
#1312=CARTESIAN_POINT('',(146.200100002,-72.52877874,-3.352166835));
#1313=CARTESIAN_POINT('',(146.200066668,-72.528778737,-3.352166835));
#1314=CARTESIAN_POINT('',(146.200033334,-72.528778735,-3.352166835));
#1315=CARTESIAN_POINT('',(146.2,-72.528778735,-3.352166835));
#1316=CARTESIAN_POINT('',(145.672792206,-72.528778735,-3.352166835));
#1317=CARTESIAN_POINT('',(145.3,-72.901570941,-3.352166835));
#1318=CARTESIAN_POINT('',(145.3,-73.428778735,-3.352166835));
#1319=(BOUNDED_CURVE()
B_SPLINE_CURVE(3,(#1309,#1310,#1311,#1312,#1313,#1314,#1315,#1316,#1317,#1318),.UNSPECIFIED.,.F.,.F.)
B_SPLINE_CURVE_WITH_KNOTS((4,3,3,4),(225.,314.992928932,315.,405.),.UNSPECIFIED.)
CURVE()
GEOMETRIC_REPRESENTATION_ITEM()
RATIONAL_B_SPLINE_CURVE((1.,0.804753195,0.804737855,0.99995398,0.999969319,0.999984659,1.,0.804737854,0.804737854,1.))
REPRESENTATION_ITEM(''));
#1320=EDGE_CURVE('',#1308,#884,#1319,.T.);
#1321=ORIENTED_EDGE('',*,*,#1320,.F.);
#1322=CARTESIAN_POINT('',(142.6,-73.428778735,-7.852166835));
#1323=CARTESIAN_POINT('',(143.842601635,-73.428778735,-7.852166835));
#1324=CARTESIAN_POINT('',(144.950768988,-73.428778735,-7.365321937));
#1325=CARTESIAN_POINT('',(145.781909804,-73.428778735,-6.534218061));
#1326=CARTESIAN_POINT('',(145.781933374,-73.428778735,-6.534194491));
#1327=CARTESIAN_POINT('',(145.781956945,-73.428778735,-6.534170921));
#1328=CARTESIAN_POINT('',(145.781980515,-73.428778735,-6.53414735));
#1329=CARTESIAN_POINT('',(146.613126156,-73.428778735,-5.70300171));
#1330=CARTESIAN_POINT('',(147.1,-73.428778735,-4.594807522));
#1331=CARTESIAN_POINT('',(147.1,-73.428778735,-3.352166835));
#1332=(BOUNDED_CURVE()
B_SPLINE_CURVE(3,(#1322,#1323,#1324,#1325,#1326,#1327,#1328,#1329,#1330,#1331),.UNSPECIFIED.,.F.,.F.)
B_SPLINE_CURVE_WITH_KNOTS((4,3,3,4),(315.,359.998585786,360.,405.),.UNSPECIFIED.)
CURVE()
GEOMETRIC_REPRESENTATION_ITEM()
RATIONAL_B_SPLINE_CURVE((0.853553391,0.853553391,0.902365859,0.999990795,0.999993864,0.999996932,1.,0.902368927,0.853553391,0.853553391))
REPRESENTATION_ITEM(''));
#1333=EDGE_CURVE('',#1164,#1308,#1332,.T.);
#1334=ORIENTED_EDGE('',*,*,#1333,.F.);
#1335=EDGE_LOOP('',(#1305,#1306,#1321,#1334));
#1336=FACE_BOUND('',#1335,.T.);
#1337=ADVANCED_FACE('SURF',(#1336),#1304,.T.);
#1338=CARTESIAN_POINT('',(145.3,-73.428777911,8.647833165));
#1339=CARTESIAN_POINT('',(145.3,-73.428777911,-3.352166835));
#1340=CARTESIAN_POINT('',(145.300000483,-72.901570458,8.647833165));
#1341=CARTESIAN_POINT('',(145.300000483,-72.901570458,-3.352166835));
#1342=CARTESIAN_POINT('',(145.67279263,-72.528778735,8.647833165));
#1343=CARTESIAN_POINT('',(145.67279263,-72.528778735,-3.352166835));
#1344=CARTESIAN_POINT('',(146.2,-72.528778735,8.647833165));
#1345=CARTESIAN_POINT('',(146.2,-72.528778735,-3.352166835));
#1346=CARTESIAN_POINT('',(146.200033334,-72.528778735,8.647833165));
#1347=CARTESIAN_POINT('',(146.200033334,-72.528778735,-3.352166835));
#1348=CARTESIAN_POINT('',(146.200066668,-72.528778737,8.647833165));
#1349=CARTESIAN_POINT('',(146.200066668,-72.528778737,-3.352166835));
#1350=CARTESIAN_POINT('',(146.200100002,-72.52877874,8.647833165));
#1351=CARTESIAN_POINT('',(146.200100002,-72.52877874,-3.352166835));
#1352=CARTESIAN_POINT('',(146.727266071,-72.528837316,8.647833165));
#1353=CARTESIAN_POINT('',(146.727266071,-72.528837316,-3.352166835));
#1354=CARTESIAN_POINT('',(147.099999659,-72.901622071,8.647833165));
#1355=CARTESIAN_POINT('',(147.099999659,-72.901622071,-3.352166835));
#1356=CARTESIAN_POINT('',(147.1,-73.428778152,8.647833165));
#1357=CARTESIAN_POINT('',(147.1,-73.428778152,-3.352166835));
#1358=(BOUNDED_SURFACE()
B_SPLINE_SURFACE(3,1,((#1338,#1339),(#1340,#1341),(#1342,#1343),(#1344,#1345),(#1346,#1347),(#1348,#1349),(#1350,#1351),(#1352,#1353),(#1354,#1355),(#1356,#1357)),.UNSPECIFIED.,.F.,.F.,.U.)
B_SPLINE_SURFACE_WITH_KNOTS((4,3,3,4),(2,2),(225.000058249,315.,315.007071068,404.999958819),(-3.,9.),.UNSPECIFIED.)
GEOMETRIC_REPRESENTATION_ITEM()
RATIONAL_B_SPLINE_SURFACE(((0.999999621,0.999999621),(0.804737854,0.804737854),(0.804737981,0.804737981),(1.,1.),(0.999984659,0.999984659),(0.999969319,0.999969319),(0.99995398,0.99995398),(0.804737945,0.804737945),(0.804753195,0.804753195),(0.999999732,0.999999732)))
REPRESENTATION_ITEM('')
SURFACE()
);
#1359=ORIENTED_EDGE('',*,*,#1320,.T.);
#1360=ORIENTED_EDGE('',*,*,#935,.T.);
#1361=CARTESIAN_POINT('',(147.1,-73.428778735,8.647833165));
#1362=VERTEX_POINT('',#1361);
#1363=CARTESIAN_POINT('',(147.1,-73.428778735,8.647833165));
#1364=CARTESIAN_POINT('',(147.1,-72.901622412,8.647833165));
#1365=CARTESIAN_POINT('',(146.727266371,-72.528837316,8.647833165));
#1366=CARTESIAN_POINT('',(146.200100002,-72.52877874,8.647833165));
#1367=CARTESIAN_POINT('',(146.200066668,-72.528778737,8.647833165));
#1368=CARTESIAN_POINT('',(146.200033334,-72.528778735,8.647833165));
#1369=CARTESIAN_POINT('',(146.2,-72.528778735,8.647833165));
#1370=CARTESIAN_POINT('',(145.672792206,-72.528778735,8.647833165));
#1371=CARTESIAN_POINT('',(145.3,-72.901570941,8.647833165));
#1372=CARTESIAN_POINT('',(145.3,-73.428778735,8.647833165));
#1373=(BOUNDED_CURVE()
B_SPLINE_CURVE(3,(#1363,#1364,#1365,#1366,#1367,#1368,#1369,#1370,#1371,#1372),.UNSPECIFIED.,.F.,.F.)
B_SPLINE_CURVE_WITH_KNOTS((4,3,3,4),(180.,269.992928932,270.,360.),.UNSPECIFIED.)
CURVE()
GEOMETRIC_REPRESENTATION_ITEM()
RATIONAL_B_SPLINE_CURVE((0.853553391,0.686899818,0.686886725,0.85351411,0.853527202,0.853540296,0.853553391,0.686886724,0.686886724,0.853553391))
REPRESENTATION_ITEM(''));
#1374=EDGE_CURVE('',#1362,#930,#1373,.T.);
#1375=ORIENTED_EDGE('',*,*,#1374,.F.);
#1376=CARTESIAN_POINT('',(147.1,-73.428778735,-3.352166835));
#1377=CARTESIAN_POINT('',(147.1,-73.428778735,0.647833165));
#1378=CARTESIAN_POINT('',(147.1,-73.428778735,4.647833165));
#1379=CARTESIAN_POINT('',(147.1,-73.428778735,8.647833165));
#1380=B_SPLINE_CURVE_WITH_KNOTS('',3,(#1376,#1377,#1378,#1379),.UNSPECIFIED.,.F.,.F.,(4,4),(0.,12.),.UNSPECIFIED.);
#1381=EDGE_CURVE('',#1308,#1362,#1380,.T.);
#1382=ORIENTED_EDGE('',*,*,#1381,.F.);
#1383=EDGE_LOOP('',(#1359,#1360,#1375,#1382));
#1384=FACE_BOUND('',#1383,.T.);
#1385=ADVANCED_FACE('SURF',(#1384),#1358,.T.);
#1386=CARTESIAN_POINT('',(108.8,-73.428778162,-3.352166838));
#1387=CARTESIAN_POINT('',(108.799999665,-72.901570606,-3.352166838));
#1388=CARTESIAN_POINT('',(108.427207499,-72.528778735,-3.352166838));
#1389=CARTESIAN_POINT('',(107.9,-72.528778735,-3.352166839));
#1390=CARTESIAN_POINT('',(107.899966666,-72.528778735,-3.352166839));
#1391=CARTESIAN_POINT('',(107.899933332,-72.528778737,-3.352166839));
#1392=CARTESIAN_POINT('',(107.899899998,-72.52877874,-3.352166839));
#1393=CARTESIAN_POINT('',(107.372734067,-72.528837316,-3.352166839));
#1394=CARTESIAN_POINT('',(107.000000498,-72.901621914,-3.35216684));
#1395=CARTESIAN_POINT('',(107.,-73.428777885,-3.35216684));
#1396=CARTESIAN_POINT('',(108.800000001,-73.428778162,-4.097751249));
#1397=CARTESIAN_POINT('',(108.799999666,-72.901570606,-4.097751342));
#1398=CARTESIAN_POINT('',(108.4272075,-72.528778735,-4.200695056));
#1399=CARTESIAN_POINT('',(107.900000001,-72.528778735,-4.346279387));
#1400=CARTESIAN_POINT('',(107.899966667,-72.528778735,-4.346288592));
#1401=CARTESIAN_POINT('',(107.899933333,-72.528778737,-4.346297797));
#1402=CARTESIAN_POINT('',(107.899899999,-72.52877874,-4.346307002));
#1403=CARTESIAN_POINT('',(107.372734068,-72.528837316,-4.491879854));
#1404=CARTESIAN_POINT('',(107.000000499,-72.901621914,-4.594807388));
#1405=CARTESIAN_POINT('',(107.000000001,-73.428777885,-4.594807525));
#1406=CARTESIAN_POINT('',(109.092124307,-73.428778162,-4.76266776));
#1407=CARTESIAN_POINT('',(109.092124008,-72.901570606,-4.762667936));
#1408=CARTESIAN_POINT('',(108.759665788,-72.528778735,-4.957417452));
#1409=CARTESIAN_POINT('',(108.289499076,-72.528778735,-5.232834736));
#1410=CARTESIAN_POINT('',(108.289469349,-72.528778735,-5.23285215));
#1411=CARTESIAN_POINT('',(108.289439621,-72.528778737,-5.232869563));
#1412=CARTESIAN_POINT('',(108.289409894,-72.52877874,-5.232886978));
#1413=CARTESIAN_POINT('',(107.819280252,-72.528837316,-5.508282546));
#1414=CARTESIAN_POINT('',(107.486874289,-72.901621914,-5.703001451));
#1415=CARTESIAN_POINT('',(107.486873845,-73.428777885,-5.703001711));
#1416=CARTESIAN_POINT('',(109.590811691,-73.428778162,-5.261355144));
#1417=CARTESIAN_POINT('',(109.590811454,-72.901570606,-5.261355381));
#1418=CARTESIAN_POINT('',(109.327207586,-72.528778735,-5.524959249));
#1419=CARTESIAN_POINT('',(108.954415588,-72.528778735,-5.897751247));
#1420=CARTESIAN_POINT('',(108.954392017,-72.528778735,-5.897774818));
#1421=CARTESIAN_POINT('',(108.954368446,-72.528778737,-5.897798389));
#1422=CARTESIAN_POINT('',(108.954344875,-72.52877874,-5.89782196));
#1423=CARTESIAN_POINT('',(108.581582271,-72.528837316,-6.270584564));
#1424=CARTESIAN_POINT('',(108.318019837,-72.901621914,-6.534146998));
#1425=CARTESIAN_POINT('',(108.318019485,-73.428777885,-6.53414735));
#1426=CARTESIAN_POINT('',(109.590825833,-73.428778162,-5.261369286));
#1427=CARTESIAN_POINT('',(109.590825596,-72.901570606,-5.261369523));
#1428=CARTESIAN_POINT('',(109.32722368,-72.528778735,-5.524975344));
#1429=CARTESIAN_POINT('',(108.954434444,-72.528778735,-5.897770103));
#1430=CARTESIAN_POINT('',(108.954410874,-72.528778735,-5.897793674));
#1431=CARTESIAN_POINT('',(108.954387303,-72.528778737,-5.897817245));
#1432=CARTESIAN_POINT('',(108.954363732,-72.52877874,-5.897840816));
#1433=CARTESIAN_POINT('',(108.581603889,-72.528837316,-6.270606182));
#1434=CARTESIAN_POINT('',(108.318043407,-72.901621914,-6.534170569));
#1435=CARTESIAN_POINT('',(108.318043055,-73.428777885,-6.534170921));
#1436=CARTESIAN_POINT('',(109.590839975,-73.428778162,-5.261383428));
#1437=CARTESIAN_POINT('',(109.590839738,-72.901570606,-5.261383665));
#1438=CARTESIAN_POINT('',(109.327239775,-72.528778735,-5.524991439));
#1439=CARTESIAN_POINT('',(108.9544533,-72.528778735,-5.89778896));
#1440=CARTESIAN_POINT('',(108.95442973,-72.528778735,-5.89781253));
#1441=CARTESIAN_POINT('',(108.95440616,-72.528778737,-5.897836102));
#1442=CARTESIAN_POINT('',(108.954382589,-72.52877874,-5.897859673));
#1443=CARTESIAN_POINT('',(108.581625507,-72.528837316,-6.2706278));
#1444=CARTESIAN_POINT('',(108.318066978,-72.901621914,-6.534194139));
#1445=CARTESIAN_POINT('',(108.318066626,-73.428777885,-6.534194491));
#1446=CARTESIAN_POINT('',(109.590854118,-73.428778162,-5.26139757));
#1447=CARTESIAN_POINT('',(109.590853881,-72.901570606,-5.261397807));
#1448=CARTESIAN_POINT('',(109.327255871,-72.528778735,-5.525007533));
#1449=CARTESIAN_POINT('',(108.954472157,-72.528778735,-5.897807815));
#1450=CARTESIAN_POINT('',(108.954448587,-72.528778735,-5.897831387));
#1451=CARTESIAN_POINT('',(108.954425017,-72.528778737,-5.897854958));
#1452=CARTESIAN_POINT('',(108.954401446,-72.52877874,-5.897878529));
#1453=CARTESIAN_POINT('',(108.581647126,-72.528837316,-6.270649417));
#1454=CARTESIAN_POINT('',(108.318090549,-72.901621914,-6.534217708));
#1455=CARTESIAN_POINT('',(108.318090196,-73.428777885,-6.534218061));
#1456=CARTESIAN_POINT('',(110.089538606,-73.428778162,-5.760059896));
#1457=CARTESIAN_POINT('',(110.089538431,-72.901570606,-5.760060194));
#1458=CARTESIAN_POINT('',(109.894794373,-72.528778735,-6.092520812));
#1459=CARTESIAN_POINT('',(109.619384809,-72.528778735,-6.562690916));
#1460=CARTESIAN_POINT('',(109.619367395,-72.528778735,-6.562720643));
#1461=CARTESIAN_POINT('',(109.619349982,-72.528778737,-6.562750371));
#1462=CARTESIAN_POINT('',(109.619332568,-72.52877874,-6.562780099));
#1463=CARTESIAN_POINT('',(109.343944719,-72.528837316,-7.032913131));
#1464=CARTESIAN_POINT('',(109.149231271,-72.901621914,-7.365321492));
#1465=CARTESIAN_POINT('',(109.149231011,-73.428777885,-7.365321936));
#1466=CARTESIAN_POINT('',(110.754439017,-73.428778162,-6.052166834));
#1467=CARTESIAN_POINT('',(110.754438925,-72.901570606,-6.052167169));
#1468=CARTESIAN_POINT('',(110.651498446,-72.528778735,-6.424959335));
#1469=CARTESIAN_POINT('',(110.50591869,-72.528778735,-6.952166834));
#1470=CARTESIAN_POINT('',(110.505909485,-72.528778735,-6.952200168));
#1471=CARTESIAN_POINT('',(110.505900281,-72.528778737,-6.952233502));
#1472=CARTESIAN_POINT('',(110.505891076,-72.52877874,-6.952266836));
#1473=CARTESIAN_POINT('',(110.360322798,-72.528837316,-7.479432767));
#1474=CARTESIAN_POINT('',(110.2573985,-72.901621914,-7.852166336));
#1475=CARTESIAN_POINT('',(110.257398362,-73.428777885,-7.852166834));
#1476=CARTESIAN_POINT('',(111.499999997,-73.428778162,-6.052166835));
#1477=CARTESIAN_POINT('',(111.499999997,-72.901570606,-6.05216717));
#1478=CARTESIAN_POINT('',(111.499999997,-72.528778735,-6.424959336));
#1479=CARTESIAN_POINT('',(111.499999996,-72.528778735,-6.952166835));
#1480=CARTESIAN_POINT('',(111.499999996,-72.528778735,-6.952200169));
#1481=CARTESIAN_POINT('',(111.499999996,-72.528778737,-6.952233503));
#1482=CARTESIAN_POINT('',(111.499999996,-72.52877874,-6.952266837));
#1483=CARTESIAN_POINT('',(111.499999996,-72.528837316,-7.479432768));
#1484=CARTESIAN_POINT('',(111.499999995,-72.901621914,-7.852166337));
#1485=CARTESIAN_POINT('',(111.499999995,-73.428777885,-7.852166835));
#1486=(BOUNDED_SURFACE()
B_SPLINE_SURFACE(3,3,((#1386,#1387,#1388,#1389,#1390,#1391,#1392,#1393,#1394,#1395),(#1396,#1397,#1398,#1399,#1400,#1401,#1402,#1403,#1404,#1405),(#1406,#1407,#1408,#1409,#1410,#1411,#1412,#1413,#1414,#1415),(#1416,#1417,#1418,#1419,#1420,#1421,#1422,#1423,#1424,#1425),(#1426,#1427,#1428,#1429,#1430,#1431,#1432,#1433,#1434,#1435),(#1436,#1437,#1438,#1439,#1440,#1441,#1442,#1443,#1444,#1445),(#1446,#1447,#1448,#1449,#1450,#1451,#1452,#1453,#1454,#1455),(#1456,#1457,#1458,#1459,#1460,#1461,#1462,#1463,#1464,#1465),(#1466,#1467,#1468,#1469,#1470,#1471,#1472,#1473,#1474,#1475),(#1476,#1477,#1478,#1479,#1480,#1481,#1482,#1483,#1484,#1485)),.UNSPECIFIED.,.F.,.F.,.U.)
B_SPLINE_SURFACE_WITH_KNOTS((4,3,3,4),(4,3,3,4),(0.000000058,45.,45.001414214,89.999999941),(180.000040464,270.,270.007071068,359.999939891),.UNSPECIFIED.)
GEOMETRIC_REPRESENTATION_ITEM()
RATIONAL_B_SPLINE_SURFACE(((0.853553166,0.686886724,0.686886799,0.853553391,0.853540296,0.853527202,0.85351411,0.686886836,0.686899818,0.853553057),(0.853553166,0.686886724,0.686886799,0.853553391,0.853540296,0.853527203,0.85351411,0.686886836,0.686899819,0.853553057),(0.90236869,0.726170434,0.726170513,0.902368927,0.902355084,0.902341241,0.9023274,0.726170553,0.726184278,0.902368574),(0.999999737,0.804737854,0.804737942,1.,0.999984659,0.999969319,0.99995398,0.804737986,0.804753195,0.999999609),(0.999996668,0.804735385,0.804735473,0.999996932,0.999981591,0.999966251,0.999950912,0.804735517,0.804750726,0.999996541),(0.9999936,0.804732916,0.804733004,0.999993864,0.999978522,0.999963182,0.999947844,0.804733047,0.804748257,0.999993472),(0.999990532,0.804730447,0.804730535,0.999990795,0.999975454,0.999960114,0.999944776,0.804730578,0.804745788,0.999990404),(0.902365621,0.726167965,0.726168044,0.902365859,0.902352016,0.902338173,0.902324332,0.726168084,0.726181808,0.902365506),(0.853553166,0.686886724,0.686886799,0.853553391,0.853540296,0.853527203,0.85351411,0.686886836,0.686899819,0.853553057),(0.853553166,0.686886724,0.686886799,0.853553391,0.853540296,0.853527202,0.85351411,0.686886836,0.686899818,0.853553057)))
REPRESENTATION_ITEM('')
SURFACE()
);
#1487=ORIENTED_EDGE('',*,*,#1198,.T.);
#1488=CARTESIAN_POINT('',(107.,-73.428778735,-3.352166835));
#1489=VERTEX_POINT('',#1488);
#1490=CARTESIAN_POINT('',(107.,-73.428778735,-3.352166835));
#1491=CARTESIAN_POINT('',(107.,-73.428778735,-4.59476847));
#1492=CARTESIAN_POINT('',(107.486844898,-73.428778735,-5.702935823));
#1493=CARTESIAN_POINT('',(108.317948774,-73.428778735,-6.534076639));
#1494=CARTESIAN_POINT('',(108.317972344,-73.428778735,-6.534100209));
#1495=CARTESIAN_POINT('',(108.317995914,-73.428778735,-6.53412378));
#1496=CARTESIAN_POINT('',(108.318019485,-73.428778735,-6.53414735));
#1497=CARTESIAN_POINT('',(109.149165125,-73.428778735,-7.365292991));
#1498=CARTESIAN_POINT('',(110.257359313,-73.428778735,-7.852166835));
#1499=CARTESIAN_POINT('',(111.5,-73.428778735,-7.852166835));
#1500=(BOUNDED_CURVE()
B_SPLINE_CURVE(3,(#1490,#1491,#1492,#1493,#1494,#1495,#1496,#1497,#1498,#1499),.UNSPECIFIED.,.F.,.F.)
B_SPLINE_CURVE_WITH_KNOTS((4,3,3,4),(315.,359.998585786,360.,405.),.UNSPECIFIED.)
CURVE()
GEOMETRIC_REPRESENTATION_ITEM()
RATIONAL_B_SPLINE_CURVE((0.853553391,0.853553391,0.902365859,0.999990795,0.999993864,0.999996932,1.,0.902368927,0.853553391,0.853553391))
REPRESENTATION_ITEM(''));
#1501=EDGE_CURVE('',#1489,#1179,#1500,.T.);
#1502=ORIENTED_EDGE('',*,*,#1501,.F.);
#1503=CARTESIAN_POINT('',(108.8,-73.428778735,-3.352166835));
#1504=CARTESIAN_POINT('',(108.8,-72.901570941,-3.352166835));
#1505=CARTESIAN_POINT('',(108.427207794,-72.528778735,-3.352166835));
#1506=CARTESIAN_POINT('',(107.9,-72.528778735,-3.352166835));
#1507=CARTESIAN_POINT('',(107.899966666,-72.528778735,-3.352166835));
#1508=CARTESIAN_POINT('',(107.899933332,-72.528778737,-3.352166835));
#1509=CARTESIAN_POINT('',(107.899899998,-72.52877874,-3.352166835));
#1510=CARTESIAN_POINT('',(107.372733629,-72.528837316,-3.352166835));
#1511=CARTESIAN_POINT('',(107.,-72.901622412,-3.352166835));
#1512=CARTESIAN_POINT('',(107.,-73.428778735,-3.352166835));
#1513=(BOUNDED_CURVE()
B_SPLINE_CURVE(3,(#1503,#1504,#1505,#1506,#1507,#1508,#1509,#1510,#1511,#1512),.UNSPECIFIED.,.F.,.F.)
B_SPLINE_CURVE_WITH_KNOTS((4,3,3,4),(225.,315.,315.007071068,405.),.UNSPECIFIED.)
CURVE()
GEOMETRIC_REPRESENTATION_ITEM()
RATIONAL_B_SPLINE_CURVE((1.,0.804737854,0.804737854,1.,0.999984659,0.999969319,0.99995398,0.804737855,0.804753195,1.))
REPRESENTATION_ITEM(''));
#1514=EDGE_CURVE('',#976,#1489,#1513,.T.);
#1515=ORIENTED_EDGE('',*,*,#1514,.F.);
#1516=ORIENTED_EDGE('',*,*,#988,.T.);
#1517=EDGE_LOOP('',(#1487,#1502,#1515,#1516));
#1518=FACE_BOUND('',#1517,.T.);
#1519=ADVANCED_FACE('SURF',(#1518),#1486,.T.);
#1520=CARTESIAN_POINT('',(143.5,-74.328778735,11.347833165));
#1521=DIRECTION('',(0.,0.,-1.));
#1522=DIRECTION('',(-0.707106781,-0.707106781,-0.));
#1523=AXIS2_PLACEMENT_3D('',#1520,#1521,#1522);
#1524=PLANE('',#1523);
#1525=CARTESIAN_POINT('',(111.5,-73.428778735,11.347833165));
#1526=VERTEX_POINT('',#1525);
#1527=CARTESIAN_POINT('',(142.6,-73.428778735,11.347833165));
#1528=DIRECTION('',(-1.,0.,0.));
#1529=VECTOR('',#1528,31.1);
#1530=LINE('',#1527,#1529);
#1531=EDGE_CURVE('',#1038,#1526,#1530,.T.);
#1532=ORIENTED_EDGE('',*,*,#1531,.F.);
#1533=ORIENTED_EDGE('',*,*,#1073,.T.);
#1534=ORIENTED_EDGE('',*,*,#1109,.T.);
#1535=CARTESIAN_POINT('',(111.5,-73.428778735,11.347833165));
#1536=DIRECTION('',(-0.,-1.,-0.));
#1537=VECTOR('',#1536,1.8);
#1538=LINE('',#1535,#1537);
#1539=EDGE_CURVE('',#1526,#1092,#1538,.T.);
#1540=ORIENTED_EDGE('',*,*,#1539,.F.);
#1541=EDGE_LOOP('',(#1532,#1533,#1534,#1540));
#1542=FACE_BOUND('',#1541,.T.);
#1543=ADVANCED_FACE('SURF',(#1542),#1524,.T.);
#1544=CARTESIAN_POINT('',(145.3,-73.428778162,8.647833165));
#1545=CARTESIAN_POINT('',(145.300000335,-72.901570606,8.647833165));
#1546=CARTESIAN_POINT('',(145.672792501,-72.528778735,8.647833165));
#1547=CARTESIAN_POINT('',(146.2,-72.528778735,8.647833165));
#1548=CARTESIAN_POINT('',(146.200033334,-72.528778735,8.647833165));
#1549=CARTESIAN_POINT('',(146.200066668,-72.528778737,8.647833165));
#1550=CARTESIAN_POINT('',(146.200100002,-72.52877874,8.647833165));
#1551=CARTESIAN_POINT('',(146.727266062,-72.528837316,8.647833165));
#1552=CARTESIAN_POINT('',(147.099999649,-72.901622061,8.647833165));
#1553=CARTESIAN_POINT('',(147.1,-73.428778135,8.647833165));
#1554=CARTESIAN_POINT('',(145.3,-73.428778162,9.393417577));
#1555=CARTESIAN_POINT('',(145.300000335,-72.901570606,9.39341767));
#1556=CARTESIAN_POINT('',(145.672792501,-72.528778735,9.496361384));
#1557=CARTESIAN_POINT('',(146.2,-72.528778735,9.641945715));
#1558=CARTESIAN_POINT('',(146.200033334,-72.528778735,9.64195492));
#1559=CARTESIAN_POINT('',(146.200066668,-72.528778737,9.641964125));
#1560=CARTESIAN_POINT('',(146.200100002,-72.52877874,9.64197333));
#1561=CARTESIAN_POINT('',(146.727266062,-72.528837316,9.787546217));
#1562=CARTESIAN_POINT('',(147.099999649,-72.901622061,9.890473755));
#1563=CARTESIAN_POINT('',(147.1,-73.428778135,9.890473852));
#1564=CARTESIAN_POINT('',(145.007875694,-73.428778162,10.05833409));
#1565=CARTESIAN_POINT('',(145.007875993,-72.901570606,10.058334265));
#1566=CARTESIAN_POINT('',(145.340334213,-72.528778735,10.253083781));
#1567=CARTESIAN_POINT('',(145.810500925,-72.528778735,10.528501065));
#1568=CARTESIAN_POINT('',(145.810530652,-72.528778735,10.528518479));
#1569=CARTESIAN_POINT('',(145.81056038,-72.528778737,10.528535893));
#1570=CARTESIAN_POINT('',(145.810590107,-72.52877874,10.528553307));
#1571=CARTESIAN_POINT('',(146.280719864,-72.528837316,10.803948942));
#1572=CARTESIAN_POINT('',(146.613125843,-72.901622061,10.998667856));
#1573=CARTESIAN_POINT('',(146.613126156,-73.428778135,10.99866804));
#1574=CARTESIAN_POINT('',(144.509188309,-73.428778162,10.557021474));
#1575=CARTESIAN_POINT('',(144.509188546,-72.901570606,10.557021711));
#1576=CARTESIAN_POINT('',(144.772792414,-72.528778735,10.820625579));
#1577=CARTESIAN_POINT('',(145.145584412,-72.528778735,11.193417577));
#1578=CARTESIAN_POINT('',(145.145607983,-72.528778735,11.193441148));
#1579=CARTESIAN_POINT('',(145.145631554,-72.528778737,11.193464719));
#1580=CARTESIAN_POINT('',(145.145655125,-72.52877874,11.19348829));
#1581=CARTESIAN_POINT('',(145.51841782,-72.528837316,11.566250985));
#1582=CARTESIAN_POINT('',(145.781980267,-72.901622061,11.829813432));
#1583=CARTESIAN_POINT('',(145.781980515,-73.428778135,11.82981368));
#1584=CARTESIAN_POINT('',(144.509174167,-73.428778162,10.557035616));
#1585=CARTESIAN_POINT('',(144.509174404,-72.901570606,10.557035853));
#1586=CARTESIAN_POINT('',(144.77277632,-72.528778735,10.820641674));
#1587=CARTESIAN_POINT('',(145.145565556,-72.528778735,11.193436434));
#1588=CARTESIAN_POINT('',(145.145589126,-72.528778735,11.193460004));
#1589=CARTESIAN_POINT('',(145.145612697,-72.528778737,11.193483575));
#1590=CARTESIAN_POINT('',(145.145636268,-72.52877874,11.193507146));
#1591=CARTESIAN_POINT('',(145.518396202,-72.528837316,11.566272603));
#1592=CARTESIAN_POINT('',(145.781956697,-72.901622061,11.829837002));
#1593=CARTESIAN_POINT('',(145.781956945,-73.428778135,11.829837251));
#1594=CARTESIAN_POINT('',(144.509160025,-73.428778162,10.557049758));
#1595=CARTESIAN_POINT('',(144.509160262,-72.901570606,10.557049996));
#1596=CARTESIAN_POINT('',(144.772760225,-72.528778735,10.820657769));
#1597=CARTESIAN_POINT('',(145.1455467,-72.528778735,11.19345529));
#1598=CARTESIAN_POINT('',(145.14557027,-72.528778735,11.193478861));
#1599=CARTESIAN_POINT('',(145.14559384,-72.528778737,11.193502432));
#1600=CARTESIAN_POINT('',(145.145617411,-72.52877874,11.193526003));
#1601=CARTESIAN_POINT('',(145.518374584,-72.528837316,11.566294221));
#1602=CARTESIAN_POINT('',(145.781933126,-72.901622061,11.829860572));
#1603=CARTESIAN_POINT('',(145.781933374,-73.428778135,11.829860821));
#1604=CARTESIAN_POINT('',(144.509145882,-73.428778162,10.5570639));
#1605=CARTESIAN_POINT('',(144.509146119,-72.901570606,10.557064137));
#1606=CARTESIAN_POINT('',(144.772744129,-72.528778735,10.820673863));
#1607=CARTESIAN_POINT('',(145.145527843,-72.528778735,11.193474145));
#1608=CARTESIAN_POINT('',(145.145551413,-72.528778735,11.193497717));
#1609=CARTESIAN_POINT('',(145.145574983,-72.528778737,11.193521288));
#1610=CARTESIAN_POINT('',(145.145598554,-72.52877874,11.193544859));
#1611=CARTESIAN_POINT('',(145.518352966,-72.528837316,11.566315839));
#1612=CARTESIAN_POINT('',(145.781909555,-72.901622061,11.829884142));
#1613=CARTESIAN_POINT('',(145.781909804,-73.428778135,11.829884391));
#1614=CARTESIAN_POINT('',(144.010461393,-73.428778162,11.055726226));
#1615=CARTESIAN_POINT('',(144.010461568,-72.901570606,11.055726525));
#1616=CARTESIAN_POINT('',(144.205205626,-72.528778735,11.388187143));
#1617=CARTESIAN_POINT('',(144.48061519,-72.528778735,11.858357247));
#1618=CARTESIAN_POINT('',(144.480632604,-72.528778735,11.858386974));
#1619=CARTESIAN_POINT('',(144.480650017,-72.528778737,11.858416702));
#1620=CARTESIAN_POINT('',(144.480667431,-72.52877874,11.85844643));
#1621=CARTESIAN_POINT('',(144.756055348,-72.528837316,12.328579577));
#1622=CARTESIAN_POINT('',(144.950768805,-72.901622061,12.660987954));
#1623=CARTESIAN_POINT('',(144.950768988,-73.428778135,12.660988267));
#1624=CARTESIAN_POINT('',(143.345560981,-73.428778162,11.347833165));
#1625=CARTESIAN_POINT('',(143.345561073,-72.901570606,11.3478335));
#1626=CARTESIAN_POINT('',(143.448501552,-72.528778735,11.720625666));
#1627=CARTESIAN_POINT('',(143.594081308,-72.528778735,12.247833165));
#1628=CARTESIAN_POINT('',(143.594090512,-72.528778735,12.247866499));
#1629=CARTESIAN_POINT('',(143.594099717,-72.528778737,12.247899833));
#1630=CARTESIAN_POINT('',(143.594108922,-72.52877874,12.247933167));
#1631=CARTESIAN_POINT('',(143.739677235,-72.528837316,12.775099227));
#1632=CARTESIAN_POINT('',(143.842601538,-72.901622061,13.147832814));
#1633=CARTESIAN_POINT('',(143.842601635,-73.428778135,13.147833165));
#1634=CARTESIAN_POINT('',(142.6,-73.428778162,11.347833165));
#1635=CARTESIAN_POINT('',(142.6,-72.901570606,11.3478335));
#1636=CARTESIAN_POINT('',(142.6,-72.528778735,11.720625666));
#1637=CARTESIAN_POINT('',(142.6,-72.528778735,12.247833165));
#1638=CARTESIAN_POINT('',(142.6,-72.528778735,12.247866499));
#1639=CARTESIAN_POINT('',(142.6,-72.528778737,12.247899833));
#1640=CARTESIAN_POINT('',(142.6,-72.52877874,12.247933167));
#1641=CARTESIAN_POINT('',(142.6,-72.528837316,12.775099227));
#1642=CARTESIAN_POINT('',(142.6,-72.901622061,13.147832814));
#1643=CARTESIAN_POINT('',(142.6,-73.428778135,13.147833165));
#1644=(BOUNDED_SURFACE()
B_SPLINE_SURFACE(3,3,((#1544,#1545,#1546,#1547,#1548,#1549,#1550,#1551,#1552,#1553),(#1554,#1555,#1556,#1557,#1558,#1559,#1560,#1561,#1562,#1563),(#1564,#1565,#1566,#1567,#1568,#1569,#1570,#1571,#1572,#1573),(#1574,#1575,#1576,#1577,#1578,#1579,#1580,#1581,#1582,#1583),(#1584,#1585,#1586,#1587,#1588,#1589,#1590,#1591,#1592,#1593),(#1594,#1595,#1596,#1597,#1598,#1599,#1600,#1601,#1602,#1603),(#1604,#1605,#1606,#1607,#1608,#1609,#1610,#1611,#1612,#1613),(#1614,#1615,#1616,#1617,#1618,#1619,#1620,#1621,#1622,#1623),(#1624,#1625,#1626,#1627,#1628,#1629,#1630,#1631,#1632,#1633),(#1634,#1635,#1636,#1637,#1638,#1639,#1640,#1641,#1642,#1643)),.UNSPECIFIED.,.F.,.F.,.U.)
B_SPLINE_SURFACE_WITH_KNOTS((4,3,3,4),(4,3,3,4),(180.,225.,225.001414214,270.),(180.000040464,270.,270.007071068,359.999957613),.UNSPECIFIED.)
GEOMETRIC_REPRESENTATION_ITEM()
RATIONAL_B_SPLINE_SURFACE(((0.853553166,0.686886724,0.686886799,0.853553391,0.853540296,0.853527202,0.85351411,0.686886803,0.686899818,0.853553155),(0.853553166,0.686886724,0.686886799,0.853553391,0.853540296,0.853527202,0.85351411,0.686886803,0.686899818,0.853553155),(0.902368689,0.726170434,0.726170513,0.902368927,0.902355084,0.902341241,0.9023274,0.726170518,0.726184277,0.902368678),(0.999999737,0.804737854,0.804737942,1.,0.999984659,0.999969319,0.99995398,0.804737947,0.804753195,0.999999724),(0.999996668,0.804735385,0.804735473,0.999996932,0.999981591,0.999966251,0.999950912,0.804735478,0.804750726,0.999996656),(0.9999936,0.804732916,0.804733004,0.999993864,0.999978522,0.999963182,0.999947844,0.804733009,0.804748257,0.999993588),(0.999990532,0.804730447,0.804730535,0.999990795,0.999975454,0.999960114,0.999944776,0.80473054,0.804745788,0.99999052),(0.902365621,0.726167965,0.726168044,0.902365859,0.902352015,0.902338173,0.902324332,0.726168049,0.726181808,0.90236561),(0.853553166,0.686886724,0.686886799,0.853553391,0.853540296,0.853527202,0.85351411,0.686886803,0.686899818,0.853553155),(0.853553166,0.686886724,0.686886799,0.853553391,0.853540296,0.853527202,0.85351411,0.686886803,0.686899818,0.853553155)))
REPRESENTATION_ITEM('')
SURFACE()
);
#1645=ORIENTED_EDGE('',*,*,#1374,.T.);
#1646=ORIENTED_EDGE('',*,*,#1050,.T.);
#1647=CARTESIAN_POINT('',(142.6,-73.428778735,13.147833165));
#1648=VERTEX_POINT('',#1647);
#1649=CARTESIAN_POINT('',(142.6,-73.428778735,13.147833165));
#1650=CARTESIAN_POINT('',(142.6,-72.901622412,13.147833165));
#1651=CARTESIAN_POINT('',(142.6,-72.528837316,12.775099536));
#1652=CARTESIAN_POINT('',(142.6,-72.52877874,12.247933167));
#1653=CARTESIAN_POINT('',(142.6,-72.528778737,12.247899833));
#1654=CARTESIAN_POINT('',(142.6,-72.528778735,12.247866499));
#1655=CARTESIAN_POINT('',(142.6,-72.528778735,12.247833165));
#1656=CARTESIAN_POINT('',(142.6,-72.528778735,11.720625371));
#1657=CARTESIAN_POINT('',(142.6,-72.901570941,11.347833165));
#1658=CARTESIAN_POINT('',(142.6,-73.428778735,11.347833165));
#1659=(BOUNDED_CURVE()
B_SPLINE_CURVE(3,(#1649,#1650,#1651,#1652,#1653,#1654,#1655,#1656,#1657,#1658),.UNSPECIFIED.,.F.,.F.)
B_SPLINE_CURVE_WITH_KNOTS((4,3,3,4),(225.,314.992928932,315.,405.),.UNSPECIFIED.)
CURVE()
GEOMETRIC_REPRESENTATION_ITEM()
RATIONAL_B_SPLINE_CURVE((1.,0.804753195,0.804737855,0.99995398,0.999969319,0.999984659,1.,0.804737854,0.804737854,1.))
REPRESENTATION_ITEM(''));
#1660=EDGE_CURVE('',#1648,#1038,#1659,.T.);
#1661=ORIENTED_EDGE('',*,*,#1660,.F.);
#1662=CARTESIAN_POINT('',(147.1,-73.428778735,8.647833165));
#1663=CARTESIAN_POINT('',(147.1,-73.428778735,9.8904348));
#1664=CARTESIAN_POINT('',(146.613155102,-73.428778735,10.998602153));
#1665=CARTESIAN_POINT('',(145.782051226,-73.428778735,11.829742969));
#1666=CARTESIAN_POINT('',(145.782027656,-73.428778735,11.829766539));
#1667=CARTESIAN_POINT('',(145.782004086,-73.428778735,11.82979011));
#1668=CARTESIAN_POINT('',(145.781980515,-73.428778735,11.82981368));
#1669=CARTESIAN_POINT('',(144.950834875,-73.428778735,12.660959321));
#1670=CARTESIAN_POINT('',(143.842640687,-73.428778735,13.147833165));
#1671=CARTESIAN_POINT('',(142.6,-73.428778735,13.147833165));
#1672=(BOUNDED_CURVE()
B_SPLINE_CURVE(3,(#1662,#1663,#1664,#1665,#1666,#1667,#1668,#1669,#1670,#1671),.UNSPECIFIED.,.F.,.F.)
B_SPLINE_CURVE_WITH_KNOTS((4,3,3,4),(315.,359.998585786,360.,405.),.UNSPECIFIED.)
CURVE()
GEOMETRIC_REPRESENTATION_ITEM()
RATIONAL_B_SPLINE_CURVE((0.853553391,0.853553391,0.902365859,0.999990795,0.999993864,0.999996932,1.,0.902368927,0.853553391,0.853553391))
REPRESENTATION_ITEM(''));
#1673=EDGE_CURVE('',#1362,#1648,#1672,.T.);
#1674=ORIENTED_EDGE('',*,*,#1673,.F.);
#1675=EDGE_LOOP('',(#1645,#1646,#1661,#1674));
#1676=FACE_BOUND('',#1675,.T.);
#1677=ADVANCED_FACE('SURF',(#1676),#1644,.T.);
#1678=CARTESIAN_POINT('',(108.8,-75.228778735,8.647833165));
#1679=CARTESIAN_POINT('',(108.8,-75.228778735,9.393417577));
#1680=CARTESIAN_POINT('',(109.092124306,-75.228778735,10.05833409));
#1681=CARTESIAN_POINT('',(109.590811691,-75.228778735,10.557021474));
#1682=CARTESIAN_POINT('',(109.590835261,-75.228778735,10.557045045));
#1683=CARTESIAN_POINT('',(109.590858832,-75.228778735,10.557068615));
#1684=CARTESIAN_POINT('',(109.590882403,-75.228778735,10.557092184));
#1685=CARTESIAN_POINT('',(110.089564962,-75.228778735,11.055737805));
#1686=CARTESIAN_POINT('',(110.75445464,-75.228778735,11.347833165));
#1687=CARTESIAN_POINT('',(111.5,-75.228778735,11.347833165));
#1688=CARTESIAN_POINT('',(108.8,-73.428778735,8.647833165));
#1689=CARTESIAN_POINT('',(108.8,-73.428778735,9.393417577));
#1690=CARTESIAN_POINT('',(109.092124306,-73.428778735,10.05833409));
#1691=CARTESIAN_POINT('',(109.590811691,-73.428778735,10.557021474));
#1692=CARTESIAN_POINT('',(109.590835261,-73.428778735,10.557045045));
#1693=CARTESIAN_POINT('',(109.590858832,-73.428778735,10.557068615));
#1694=CARTESIAN_POINT('',(109.590882403,-73.428778735,10.557092184));
#1695=CARTESIAN_POINT('',(110.089564962,-73.428778735,11.055737805));
#1696=CARTESIAN_POINT('',(110.75445464,-73.428778735,11.347833165));
#1697=CARTESIAN_POINT('',(111.5,-73.428778735,11.347833165));
#1698=(BOUNDED_SURFACE()
B_SPLINE_SURFACE(1,3,((#1678,#1679,#1680,#1681,#1682,#1683,#1684,#1685,#1686,#1687),(#1688,#1689,#1690,#1691,#1692,#1693,#1694,#1695,#1696,#1697)),.UNSPECIFIED.,.F.,.F.,.U.)
B_SPLINE_SURFACE_WITH_KNOTS((2,2),(4,3,3,4),(-2.7,-0.9),(-45.,0.,0.002357023,45.),.UNSPECIFIED.)
GEOMETRIC_REPRESENTATION_ITEM()
RATIONAL_B_SPLINE_SURFACE(((0.853553391,0.853553391,0.902368927,1.,0.999994886,0.999989773,0.999984659,0.902363813,0.853553391,0.853553391),(0.853553391,0.853553391,0.902368927,1.,0.999994886,0.999989773,0.999984659,0.902363813,0.853553391,0.853553391)))
REPRESENTATION_ITEM('')
SURFACE()
);
#1699=CARTESIAN_POINT('',(111.5,-73.428778735,11.347833165));
#1700=CARTESIAN_POINT('',(110.754415588,-73.428778735,11.347833165));
#1701=CARTESIAN_POINT('',(110.089499075,-73.428778735,11.055708859));
#1702=CARTESIAN_POINT('',(109.590811691,-73.428778735,10.557021474));
#1703=CARTESIAN_POINT('',(109.590797549,-73.428778735,10.557007332));
#1704=CARTESIAN_POINT('',(109.590783407,-73.428778735,10.55699319));
#1705=CARTESIAN_POINT('',(109.590769265,-73.428778735,10.556979047));
#1706=CARTESIAN_POINT('',(109.092106939,-73.428778735,10.058294558));
#1707=CARTESIAN_POINT('',(108.8,-73.428778735,9.393394146));
#1708=CARTESIAN_POINT('',(108.8,-73.428778735,8.647833165));
#1709=(BOUNDED_CURVE()
B_SPLINE_CURVE(3,(#1699,#1700,#1701,#1702,#1703,#1704,#1705,#1706,#1707,#1708),.UNSPECIFIED.,.F.,.F.)
B_SPLINE_CURVE_WITH_KNOTS((4,3,3,4),(270.,315.,315.001414214,360.),.UNSPECIFIED.)
CURVE()
GEOMETRIC_REPRESENTATION_ITEM()
RATIONAL_B_SPLINE_CURVE((0.853553391,0.853553391,0.902368927,1.,0.999996932,0.999993864,0.999990795,0.902365859,0.853553391,0.853553391))
REPRESENTATION_ITEM(''));
#1710=EDGE_CURVE('',#1526,#1124,#1709,.T.);
#1711=ORIENTED_EDGE('',*,*,#1710,.F.);
#1712=ORIENTED_EDGE('',*,*,#1539,.T.);
#1713=ORIENTED_EDGE('',*,*,#1104,.T.);
#1714=ORIENTED_EDGE('',*,*,#1135,.T.);
#1715=EDGE_LOOP('',(#1711,#1712,#1713,#1714));
#1716=FACE_BOUND('',#1715,.T.);
#1717=ADVANCED_FACE('SURF',(#1716),#1698,.T.);
#1718=CARTESIAN_POINT('',(108.8,-73.428778152,-3.352166835));
#1719=CARTESIAN_POINT('',(108.8,-73.428778152,8.647833165));
#1720=CARTESIAN_POINT('',(108.799999659,-72.9015706,-3.352166835));
#1721=CARTESIAN_POINT('',(108.799999659,-72.9015706,8.647833165));
#1722=CARTESIAN_POINT('',(108.427207494,-72.528778735,-3.352166835));
#1723=CARTESIAN_POINT('',(108.427207494,-72.528778735,8.647833165));
#1724=CARTESIAN_POINT('',(107.9,-72.528778735,-3.352166835));
#1725=CARTESIAN_POINT('',(107.9,-72.528778735,8.647833165));
#1726=CARTESIAN_POINT('',(107.899966666,-72.528778735,-3.352166835));
#1727=CARTESIAN_POINT('',(107.899966666,-72.528778735,8.647833165));
#1728=CARTESIAN_POINT('',(107.899933332,-72.528778737,-3.352166835));
#1729=CARTESIAN_POINT('',(107.899933332,-72.528778737,8.647833165));
#1730=CARTESIAN_POINT('',(107.899899998,-72.52877874,-3.352166835));
#1731=CARTESIAN_POINT('',(107.899899998,-72.52877874,8.647833165));
#1732=CARTESIAN_POINT('',(107.372734053,-72.528837316,-3.352166835));
#1733=CARTESIAN_POINT('',(107.372734053,-72.528837316,8.647833165));
#1734=CARTESIAN_POINT('',(107.000000482,-72.901621929,-3.352166835));
#1735=CARTESIAN_POINT('',(107.000000482,-72.901621929,8.647833165));
#1736=CARTESIAN_POINT('',(107.,-73.428777911,-3.352166835));
#1737=CARTESIAN_POINT('',(107.,-73.428777911,8.647833165));
#1738=(BOUNDED_SURFACE()
B_SPLINE_SURFACE(3,1,((#1718,#1719),(#1720,#1721),(#1722,#1723),(#1724,#1725),(#1726,#1727),(#1728,#1729),(#1730,#1731),(#1732,#1733),(#1734,#1735),(#1736,#1737)),.UNSPECIFIED.,.F.,.F.,.U.)
B_SPLINE_SURFACE_WITH_KNOTS((4,3,3,4),(2,2),(225.000041188,315.,315.007071068,404.999941761),(-3.,9.),.UNSPECIFIED.)
GEOMETRIC_REPRESENTATION_ITEM()
RATIONAL_B_SPLINE_SURFACE(((0.999999732,0.999999732),(0.804737854,0.804737854),(0.804737943,0.804737943),(1.,1.),(0.999984659,0.999984659),(0.999969319,0.999969319),(0.99995398,0.99995398),(0.804737982,0.804737982),(0.804753195,0.804753195),(0.999999621,0.999999621)))
REPRESENTATION_ITEM('')
SURFACE()
);
#1739=ORIENTED_EDGE('',*,*,#1514,.T.);
#1740=CARTESIAN_POINT('',(107.,-73.428778735,8.647833165));
#1741=VERTEX_POINT('',#1740);
#1742=CARTESIAN_POINT('',(107.,-73.428778735,8.647833165));
#1743=CARTESIAN_POINT('',(107.,-73.428778735,4.647833165));
#1744=CARTESIAN_POINT('',(107.,-73.428778735,0.647833165));
#1745=CARTESIAN_POINT('',(107.,-73.428778735,-3.352166835));
#1746=B_SPLINE_CURVE_WITH_KNOTS('',3,(#1742,#1743,#1744,#1745),.UNSPECIFIED.,.F.,.F.,(4,4),(0.,12.),.UNSPECIFIED.);
#1747=EDGE_CURVE('',#1741,#1489,#1746,.T.);
#1748=ORIENTED_EDGE('',*,*,#1747,.F.);
#1749=CARTESIAN_POINT('',(108.8,-73.428778735,8.647833165));
#1750=CARTESIAN_POINT('',(108.8,-72.901570941,8.647833165));
#1751=CARTESIAN_POINT('',(108.427207794,-72.528778735,8.647833165));
#1752=CARTESIAN_POINT('',(107.9,-72.528778735,8.647833165));
#1753=CARTESIAN_POINT('',(107.899966666,-72.528778735,8.647833165));
#1754=CARTESIAN_POINT('',(107.899933332,-72.528778737,8.647833165));
#1755=CARTESIAN_POINT('',(107.899899998,-72.52877874,8.647833165));
#1756=CARTESIAN_POINT('',(107.372733629,-72.528837316,8.647833165));
#1757=CARTESIAN_POINT('',(107.,-72.901622412,8.647833165));
#1758=CARTESIAN_POINT('',(107.,-73.428778735,8.647833165));
#1759=(BOUNDED_CURVE()
B_SPLINE_CURVE(3,(#1749,#1750,#1751,#1752,#1753,#1754,#1755,#1756,#1757,#1758),.UNSPECIFIED.,.F.,.F.)
B_SPLINE_CURVE_WITH_KNOTS((4,3,3,4),(180.,270.,270.007071068,360.),.UNSPECIFIED.)
CURVE()
GEOMETRIC_REPRESENTATION_ITEM()
RATIONAL_B_SPLINE_CURVE((0.853553391,0.686886724,0.686886724,0.853553391,0.853540296,0.853527202,0.85351411,0.686886725,0.686899818,0.853553391))
REPRESENTATION_ITEM(''));
#1760=EDGE_CURVE('',#1124,#1741,#1759,.T.);
#1761=ORIENTED_EDGE('',*,*,#1760,.F.);
#1762=ORIENTED_EDGE('',*,*,#1129,.T.);
#1763=EDGE_LOOP('',(#1739,#1748,#1761,#1762));
#1764=FACE_BOUND('',#1763,.T.);
#1765=ADVANCED_FACE('SURF',(#1764),#1738,.T.);
#1766=CARTESIAN_POINT('',(179.85,-110.678778735,-7.852166835));
#1767=DIRECTION('',(0.,0.,-1.));
#1768=DIRECTION('',(-0.707106781,-0.707106781,-0.));
#1769=AXIS2_PLACEMENT_3D('',#1766,#1767,#1768);
#1770=PLANE('',#1769);
#1771=CARTESIAN_POINT('',(122.6,-100.6,-7.852166835));
#1772=VERTEX_POINT('',#1771);
#1773=CARTESIAN_POINT('',(122.6,-110.6,-7.852166835));
#1774=DIRECTION('',(0.,0.,-1.));
#1775=DIRECTION('',(0.,1.,0.));
#1776=AXIS2_PLACEMENT_3D('',#1773,#1774,#1775);
#1777=CIRCLE('',#1776,10.);
#1778=EDGE_CURVE('',#1772,#1772,#1777,.T.);
#1779=ORIENTED_EDGE('',*,*,#1778,.F.);
#1780=EDGE_LOOP('',(#1779));
#1781=FACE_BOUND('',#1780,.T.);
#1782=CARTESIAN_POINT('',(138.65,-98.5,-7.852166835));
#1783=VERTEX_POINT('',#1782);
#1784=CARTESIAN_POINT('',(138.65,-100.25,-7.852166835));
#1785=DIRECTION('',(0.,0.,-1.));
#1786=DIRECTION('',(0.,1.,0.));
#1787=AXIS2_PLACEMENT_3D('',#1784,#1785,#1786);
#1788=CIRCLE('',#1787,1.75);
#1789=EDGE_CURVE('',#1783,#1783,#1788,.T.);
#1790=ORIENTED_EDGE('',*,*,#1789,.F.);
#1791=EDGE_LOOP('',(#1790));
#1792=FACE_BOUND('',#1791,.T.);
#1793=CARTESIAN_POINT('',(111.5,-147.928778735,-7.852166835));
#1794=VERTEX_POINT('',#1793);
#1795=CARTESIAN_POINT('',(142.6,-147.928778735,-7.852166835));
#1796=VERTEX_POINT('',#1795);
#1797=CARTESIAN_POINT('',(111.5,-147.928778735,-7.852166835));
#1798=DIRECTION('',(1.,-0.,-0.));
#1799=VECTOR('',#1798,31.1);
#1800=LINE('',#1797,#1799);
#1801=EDGE_CURVE('',#1794,#1796,#1800,.T.);
#1802=ORIENTED_EDGE('',*,*,#1801,.F.);
#1803=CARTESIAN_POINT('',(111.5,-73.428778735,-7.852166835));
#1804=DIRECTION('',(-0.,-1.,-0.));
#1805=VECTOR('',#1804,74.5);
#1806=LINE('',#1803,#1805);
#1807=EDGE_CURVE('',#1179,#1794,#1806,.T.);
#1808=ORIENTED_EDGE('',*,*,#1807,.F.);
#1809=ORIENTED_EDGE('',*,*,#1185,.T.);
#1810=CARTESIAN_POINT('',(142.6,-147.928778735,-7.852166835));
#1811=DIRECTION('',(0.,1.,0.));
#1812=VECTOR('',#1811,74.5);
#1813=LINE('',#1810,#1812);
#1814=EDGE_CURVE('',#1796,#1164,#1813,.T.);
#1815=ORIENTED_EDGE('',*,*,#1814,.F.);
#1816=EDGE_LOOP('',(#1802,#1808,#1809,#1815));
#1817=FACE_BOUND('',#1816,.T.);
#1818=ADVANCED_FACE('SURF',(#1781,#1792,#1817),#1770,.T.);
#1819=CARTESIAN_POINT('',(147.1,-147.928778735,-3.352166835));
#1820=CARTESIAN_POINT('',(147.1,-73.428778735,-3.352166835));
#1821=CARTESIAN_POINT('',(147.1,-147.928778735,-4.594807522));
#1822=CARTESIAN_POINT('',(147.1,-73.428778735,-4.594807522));
#1823=CARTESIAN_POINT('',(146.613126156,-147.928778735,-5.70300171));
#1824=CARTESIAN_POINT('',(146.613126156,-73.428778735,-5.70300171));
#1825=CARTESIAN_POINT('',(145.781980515,-147.928778735,-6.53414735));
#1826=CARTESIAN_POINT('',(145.781980515,-73.428778735,-6.53414735));
#1827=CARTESIAN_POINT('',(145.781956945,-147.928778735,-6.534170921));
#1828=CARTESIAN_POINT('',(145.781956945,-73.428778735,-6.534170921));
#1829=CARTESIAN_POINT('',(145.781933374,-147.928778735,-6.534194491));
#1830=CARTESIAN_POINT('',(145.781933374,-73.428778735,-6.534194491));
#1831=CARTESIAN_POINT('',(145.781909804,-147.928778735,-6.534218061));
#1832=CARTESIAN_POINT('',(145.781909804,-73.428778735,-6.534218061));
#1833=CARTESIAN_POINT('',(144.950768988,-147.928778735,-7.365321937));
#1834=CARTESIAN_POINT('',(144.950768988,-73.428778735,-7.365321937));
#1835=CARTESIAN_POINT('',(143.842601635,-147.928778735,-7.852166835));
#1836=CARTESIAN_POINT('',(143.842601635,-73.428778735,-7.852166835));
#1837=CARTESIAN_POINT('',(142.6,-147.928778735,-7.852166835));
#1838=CARTESIAN_POINT('',(142.6,-73.428778735,-7.852166835));
#1839=(BOUNDED_SURFACE()
B_SPLINE_SURFACE(3,1,((#1819,#1820),(#1821,#1822),(#1823,#1824),(#1825,#1826),(#1827,#1828),(#1829,#1830),(#1831,#1832),(#1833,#1834),(#1835,#1836),(#1837,#1838)),.UNSPECIFIED.,.F.,.F.,.U.)
B_SPLINE_SURFACE_WITH_KNOTS((4,3,3,4),(2,2),(315.,360.,360.001414214,405.),(-75.4,-0.9),.UNSPECIFIED.)
GEOMETRIC_REPRESENTATION_ITEM()
RATIONAL_B_SPLINE_SURFACE(((0.853553391,0.853553391),(0.853553391,0.853553391),(0.902368927,0.902368927),(1.,1.),(0.999996932,0.999996932),(0.999993864,0.999993864),(0.999990795,0.999990795),(0.902365859,0.902365859),(0.853553391,0.853553391),(0.853553391,0.853553391)))
REPRESENTATION_ITEM('')
SURFACE()
);
#1840=CARTESIAN_POINT('',(147.1,-147.928778735,-3.352166835));
#1841=VERTEX_POINT('',#1840);
#1842=CARTESIAN_POINT('',(142.6,-147.928778735,-7.852166835));
#1843=CARTESIAN_POINT('',(143.842601635,-147.928778735,-7.852166835));
#1844=CARTESIAN_POINT('',(144.950768988,-147.928778735,-7.365321937));
#1845=CARTESIAN_POINT('',(145.781909804,-147.928778735,-6.534218061));
#1846=CARTESIAN_POINT('',(145.781933374,-147.928778735,-6.534194491));
#1847=CARTESIAN_POINT('',(145.781956945,-147.928778735,-6.534170921));
#1848=CARTESIAN_POINT('',(145.781980515,-147.928778735,-6.53414735));
#1849=CARTESIAN_POINT('',(146.613126156,-147.928778735,-5.70300171));
#1850=CARTESIAN_POINT('',(147.1,-147.928778735,-4.594807522));
#1851=CARTESIAN_POINT('',(147.1,-147.928778735,-3.352166835));
#1852=(BOUNDED_CURVE()
B_SPLINE_CURVE(3,(#1842,#1843,#1844,#1845,#1846,#1847,#1848,#1849,#1850,#1851),.UNSPECIFIED.,.F.,.F.)
B_SPLINE_CURVE_WITH_KNOTS((4,3,3,4),(180.,224.998585786,225.,270.),.UNSPECIFIED.)
CURVE()
GEOMETRIC_REPRESENTATION_ITEM()
RATIONAL_B_SPLINE_CURVE((0.853553391,0.853553391,0.902365859,0.999990795,0.999993864,0.999996932,1.,0.902368927,0.853553391,0.853553391))
REPRESENTATION_ITEM(''));
#1853=EDGE_CURVE('',#1796,#1841,#1852,.T.);
#1854=ORIENTED_EDGE('',*,*,#1853,.F.);
#1855=ORIENTED_EDGE('',*,*,#1814,.T.);
#1856=ORIENTED_EDGE('',*,*,#1333,.T.);
#1857=CARTESIAN_POINT('',(147.1,-147.928778735,-3.352166835));
#1858=CARTESIAN_POINT('',(147.1,-123.095445401,-3.352166835));
#1859=CARTESIAN_POINT('',(147.1,-98.262112068,-3.352166835));
#1860=CARTESIAN_POINT('',(147.1,-73.428778735,-3.352166835));
#1861=B_SPLINE_CURVE_WITH_KNOTS('',3,(#1857,#1858,#1859,#1860),.UNSPECIFIED.,.F.,.F.,(4,4),(0.,74.5),.UNSPECIFIED.);
#1862=EDGE_CURVE('',#1841,#1308,#1861,.T.);
#1863=ORIENTED_EDGE('',*,*,#1862,.F.);
#1864=EDGE_LOOP('',(#1854,#1855,#1856,#1863));
#1865=FACE_BOUND('',#1864,.T.);
#1866=ADVANCED_FACE('SURF',(#1865),#1839,.T.);
#1867=CARTESIAN_POINT('',(147.1,-110.678778735,45.897833165));
#1868=DIRECTION('',(1.,-0.,-0.));
#1869=DIRECTION('',(-0.,-0.707106781,-0.707106781));
#1870=AXIS2_PLACEMENT_3D('',#1867,#1868,#1869);
#1871=PLANE('',#1870);
#1872=CARTESIAN_POINT('',(147.1,-147.928778735,8.647833165));
#1873=VERTEX_POINT('',#1872);
#1874=CARTESIAN_POINT('',(147.1,-147.928778735,-3.352166835));
#1875=DIRECTION('',(0.,-0.,1.));
#1876=VECTOR('',#1875,12.);
#1877=LINE('',#1874,#1876);
#1878=EDGE_CURVE('',#1841,#1873,#1877,.T.);
#1879=ORIENTED_EDGE('',*,*,#1878,.F.);
#1880=ORIENTED_EDGE('',*,*,#1862,.T.);
#1881=ORIENTED_EDGE('',*,*,#1381,.T.);
#1882=CARTESIAN_POINT('',(147.1,-147.928778735,8.647833165));
#1883=DIRECTION('',(0.,1.,0.));
#1884=VECTOR('',#1883,74.5);
#1885=LINE('',#1882,#1884);
#1886=EDGE_CURVE('',#1873,#1362,#1885,.T.);
#1887=ORIENTED_EDGE('',*,*,#1886,.F.);
#1888=EDGE_LOOP('',(#1879,#1880,#1881,#1887));
#1889=FACE_BOUND('',#1888,.T.);
#1890=ADVANCED_FACE('SURF',(#1889),#1871,.T.);
#1891=CARTESIAN_POINT('',(111.5,-147.928778735,-7.852166835));
#1892=CARTESIAN_POINT('',(111.5,-73.428778735,-7.852166835));
#1893=CARTESIAN_POINT('',(110.257359313,-147.928778735,-7.852166835));
#1894=CARTESIAN_POINT('',(110.257359313,-73.428778735,-7.852166835));
#1895=CARTESIAN_POINT('',(109.149165125,-147.928778735,-7.365292991));
#1896=CARTESIAN_POINT('',(109.149165125,-73.428778735,-7.365292991));
#1897=CARTESIAN_POINT('',(108.318019485,-147.928778735,-6.53414735));
#1898=CARTESIAN_POINT('',(108.318019485,-73.428778735,-6.53414735));
#1899=CARTESIAN_POINT('',(108.317995914,-147.928778735,-6.53412378));
#1900=CARTESIAN_POINT('',(108.317995914,-73.428778735,-6.53412378));
#1901=CARTESIAN_POINT('',(108.317972344,-147.928778735,-6.534100209));
#1902=CARTESIAN_POINT('',(108.317972344,-73.428778735,-6.534100209));
#1903=CARTESIAN_POINT('',(108.317948774,-147.928778735,-6.534076639));
#1904=CARTESIAN_POINT('',(108.317948774,-73.428778735,-6.534076639));
#1905=CARTESIAN_POINT('',(107.486844898,-147.928778735,-5.702935823));
#1906=CARTESIAN_POINT('',(107.486844898,-73.428778735,-5.702935823));
#1907=CARTESIAN_POINT('',(107.,-147.928778735,-4.59476847));
#1908=CARTESIAN_POINT('',(107.,-73.428778735,-4.59476847));
#1909=CARTESIAN_POINT('',(107.,-147.928778735,-3.352166835));
#1910=CARTESIAN_POINT('',(107.,-73.428778735,-3.352166835));
#1911=(BOUNDED_SURFACE()
B_SPLINE_SURFACE(3,1,((#1891,#1892),(#1893,#1894),(#1895,#1896),(#1897,#1898),(#1899,#1900),(#1901,#1902),(#1903,#1904),(#1905,#1906),(#1907,#1908),(#1909,#1910)),.UNSPECIFIED.,.F.,.F.,.U.)
B_SPLINE_SURFACE_WITH_KNOTS((4,3,3,4),(2,2),(315.,360.,360.001414214,405.),(-75.4,-0.9),.UNSPECIFIED.)
GEOMETRIC_REPRESENTATION_ITEM()
RATIONAL_B_SPLINE_SURFACE(((0.853553391,0.853553391),(0.853553391,0.853553391),(0.902368927,0.902368927),(1.,1.),(0.999996932,0.999996932),(0.999993864,0.999993864),(0.999990795,0.999990795),(0.902365859,0.902365859),(0.853553391,0.853553391),(0.853553391,0.853553391)))
REPRESENTATION_ITEM('')
SURFACE()
);
#1912=CARTESIAN_POINT('',(107.,-147.928778735,-3.352166835));
#1913=VERTEX_POINT('',#1912);
#1914=CARTESIAN_POINT('',(107.,-147.928778735,-3.352166835));
#1915=CARTESIAN_POINT('',(107.,-147.928778735,-4.59476847));
#1916=CARTESIAN_POINT('',(107.486844898,-147.928778735,-5.702935823));
#1917=CARTESIAN_POINT('',(108.317948774,-147.928778735,-6.534076639));
#1918=CARTESIAN_POINT('',(108.317972344,-147.928778735,-6.534100209));
#1919=CARTESIAN_POINT('',(108.317995914,-147.928778735,-6.53412378));
#1920=CARTESIAN_POINT('',(108.318019485,-147.928778735,-6.53414735));
#1921=CARTESIAN_POINT('',(109.149165125,-147.928778735,-7.365292991));
#1922=CARTESIAN_POINT('',(110.257359313,-147.928778735,-7.852166835));
#1923=CARTESIAN_POINT('',(111.5,-147.928778735,-7.852166835));
#1924=(BOUNDED_CURVE()
B_SPLINE_CURVE(3,(#1914,#1915,#1916,#1917,#1918,#1919,#1920,#1921,#1922,#1923),.UNSPECIFIED.,.F.,.F.)
B_SPLINE_CURVE_WITH_KNOTS((4,3,3,4),(270.,314.998585786,315.,360.),.UNSPECIFIED.)
CURVE()
GEOMETRIC_REPRESENTATION_ITEM()
RATIONAL_B_SPLINE_CURVE((0.853553391,0.853553391,0.902365859,0.999990795,0.999993864,0.999996932,1.,0.902368927,0.853553391,0.853553391))
REPRESENTATION_ITEM(''));
#1925=EDGE_CURVE('',#1913,#1794,#1924,.T.);
#1926=ORIENTED_EDGE('',*,*,#1925,.F.);
#1927=CARTESIAN_POINT('',(107.,-73.428778735,-3.352166835));
#1928=CARTESIAN_POINT('',(107.,-98.262112068,-3.352166835));
#1929=CARTESIAN_POINT('',(107.,-123.095445401,-3.352166835));
#1930=CARTESIAN_POINT('',(107.,-147.928778735,-3.352166835));
#1931=B_SPLINE_CURVE_WITH_KNOTS('',3,(#1927,#1928,#1929,#1930),.UNSPECIFIED.,.F.,.F.,(4,4),(0.,74.5),.UNSPECIFIED.);
#1932=EDGE_CURVE('',#1489,#1913,#1931,.T.);
#1933=ORIENTED_EDGE('',*,*,#1932,.F.);
#1934=ORIENTED_EDGE('',*,*,#1501,.T.);
#1935=ORIENTED_EDGE('',*,*,#1807,.T.);
#1936=EDGE_LOOP('',(#1926,#1933,#1934,#1935));
#1937=FACE_BOUND('',#1936,.T.);
#1938=ADVANCED_FACE('SURF',(#1937),#1911,.T.);
#1939=CARTESIAN_POINT('',(111.5,-73.428778152,11.347833165));
#1940=CARTESIAN_POINT('',(142.6,-73.428778152,11.347833165));
#1941=CARTESIAN_POINT('',(111.5,-72.9015706,11.347833506));
#1942=CARTESIAN_POINT('',(142.6,-72.9015706,11.347833506));
#1943=CARTESIAN_POINT('',(111.5,-72.528778735,11.720625671));
#1944=CARTESIAN_POINT('',(142.6,-72.528778735,11.720625671));
#1945=CARTESIAN_POINT('',(111.5,-72.528778735,12.247833165));
#1946=CARTESIAN_POINT('',(142.6,-72.528778735,12.247833165));
#1947=CARTESIAN_POINT('',(111.5,-72.528778735,12.247866499));
#1948=CARTESIAN_POINT('',(142.6,-72.528778735,12.247866499));
#1949=CARTESIAN_POINT('',(111.5,-72.528778737,12.247899833));
#1950=CARTESIAN_POINT('',(142.6,-72.528778737,12.247899833));
#1951=CARTESIAN_POINT('',(111.5,-72.52877874,12.247933167));
#1952=CARTESIAN_POINT('',(142.6,-72.52877874,12.247933167));
#1953=CARTESIAN_POINT('',(111.5,-72.528837316,12.775099236));
#1954=CARTESIAN_POINT('',(142.6,-72.528837316,12.775099236));
#1955=CARTESIAN_POINT('',(111.5,-72.901622071,13.147832824));
#1956=CARTESIAN_POINT('',(142.6,-72.901622071,13.147832824));
#1957=CARTESIAN_POINT('',(111.5,-73.428778152,13.147833165));
#1958=CARTESIAN_POINT('',(142.6,-73.428778152,13.147833165));
#1959=(BOUNDED_SURFACE()
B_SPLINE_SURFACE(3,1,((#1939,#1940),(#1941,#1942),(#1943,#1944),(#1945,#1946),(#1947,#1948),(#1949,#1950),(#1951,#1952),(#1953,#1954),(#1955,#1956),(#1957,#1958)),.UNSPECIFIED.,.F.,.F.,.U.)
B_SPLINE_SURFACE_WITH_KNOTS((4,3,3,4),(2,2),(225.000041188,315.,315.007071068,404.999958819),(-7.775,23.325),.UNSPECIFIED.)
GEOMETRIC_REPRESENTATION_ITEM()
RATIONAL_B_SPLINE_SURFACE(((0.999999732,0.999999732),(0.804737854,0.804737854),(0.804737943,0.804737943),(1.,1.),(0.999984659,0.999984659),(0.999969319,0.999969319),(0.99995398,0.99995398),(0.804737945,0.804737945),(0.804753195,0.804753195),(0.999999732,0.999999732)))
REPRESENTATION_ITEM('')
SURFACE()
);
#1960=ORIENTED_EDGE('',*,*,#1660,.T.);
#1961=ORIENTED_EDGE('',*,*,#1531,.T.);
#1962=CARTESIAN_POINT('',(111.5,-73.428778735,13.147833165));
#1963=VERTEX_POINT('',#1962);
#1964=CARTESIAN_POINT('',(111.5,-73.428778735,13.147833165));
#1965=CARTESIAN_POINT('',(111.5,-72.901622412,13.147833165));
#1966=CARTESIAN_POINT('',(111.5,-72.528837316,12.775099536));
#1967=CARTESIAN_POINT('',(111.5,-72.52877874,12.247933167));
#1968=CARTESIAN_POINT('',(111.5,-72.528778737,12.247899833));
#1969=CARTESIAN_POINT('',(111.5,-72.528778735,12.247866499));
#1970=CARTESIAN_POINT('',(111.5,-72.528778735,12.247833165));
#1971=CARTESIAN_POINT('',(111.5,-72.528778735,11.720625371));
#1972=CARTESIAN_POINT('',(111.5,-72.901570941,11.347833165));
#1973=CARTESIAN_POINT('',(111.5,-73.428778735,11.347833165));
#1974=(BOUNDED_CURVE()
B_SPLINE_CURVE(3,(#1964,#1965,#1966,#1967,#1968,#1969,#1970,#1971,#1972,#1973),.UNSPECIFIED.,.F.,.F.)
B_SPLINE_CURVE_WITH_KNOTS((4,3,3,4),(180.,269.992928932,270.,360.),.UNSPECIFIED.)
CURVE()
GEOMETRIC_REPRESENTATION_ITEM()
RATIONAL_B_SPLINE_CURVE((0.853553391,0.686899818,0.686886725,0.85351411,0.853527202,0.853540296,0.853553391,0.686886724,0.686886724,0.853553391))
REPRESENTATION_ITEM(''));
#1975=EDGE_CURVE('',#1963,#1526,#1974,.T.);
#1976=ORIENTED_EDGE('',*,*,#1975,.F.);
#1977=CARTESIAN_POINT('',(142.6,-73.428778735,13.147833165));
#1978=CARTESIAN_POINT('',(132.233333333,-73.428778735,13.147833165));
#1979=CARTESIAN_POINT('',(121.866666667,-73.428778735,13.147833165));
#1980=CARTESIAN_POINT('',(111.5,-73.428778735,13.147833165));
#1981=B_SPLINE_CURVE_WITH_KNOTS('',3,(#1977,#1978,#1979,#1980),.UNSPECIFIED.,.F.,.F.,(4,4),(0.,31.1),.UNSPECIFIED.);
#1982=EDGE_CURVE('',#1648,#1963,#1981,.T.);
#1983=ORIENTED_EDGE('',*,*,#1982,.F.);
#1984=EDGE_LOOP('',(#1960,#1961,#1976,#1983));
#1985=FACE_BOUND('',#1984,.T.);
#1986=ADVANCED_FACE('SURF',(#1985),#1959,.T.);
#1987=CARTESIAN_POINT('',(142.6,-147.928778735,13.147833165));
#1988=CARTESIAN_POINT('',(142.6,-73.428778735,13.147833165));
#1989=CARTESIAN_POINT('',(143.842640687,-147.928778735,13.147833165));
#1990=CARTESIAN_POINT('',(143.842640687,-73.428778735,13.147833165));
#1991=CARTESIAN_POINT('',(144.950834875,-147.928778735,12.660959321));
#1992=CARTESIAN_POINT('',(144.950834875,-73.428778735,12.660959321));
#1993=CARTESIAN_POINT('',(145.781980515,-147.928778735,11.82981368));
#1994=CARTESIAN_POINT('',(145.781980515,-73.428778735,11.82981368));
#1995=CARTESIAN_POINT('',(145.782004086,-147.928778735,11.82979011));
#1996=CARTESIAN_POINT('',(145.782004086,-73.428778735,11.82979011));
#1997=CARTESIAN_POINT('',(145.782027656,-147.928778735,11.829766539));
#1998=CARTESIAN_POINT('',(145.782027656,-73.428778735,11.829766539));
#1999=CARTESIAN_POINT('',(145.782051226,-147.928778735,11.829742969));
#2000=CARTESIAN_POINT('',(145.782051226,-73.428778735,11.829742969));
#2001=CARTESIAN_POINT('',(146.613155102,-147.928778735,10.998602153));
#2002=CARTESIAN_POINT('',(146.613155102,-73.428778735,10.998602153));
#2003=CARTESIAN_POINT('',(147.1,-147.928778735,9.8904348));
#2004=CARTESIAN_POINT('',(147.1,-73.428778735,9.8904348));
#2005=CARTESIAN_POINT('',(147.1,-147.928778735,8.647833165));
#2006=CARTESIAN_POINT('',(147.1,-73.428778735,8.647833165));
#2007=(BOUNDED_SURFACE()
B_SPLINE_SURFACE(3,1,((#1987,#1988),(#1989,#1990),(#1991,#1992),(#1993,#1994),(#1995,#1996),(#1997,#1998),(#1999,#2000),(#2001,#2002),(#2003,#2004),(#2005,#2006)),.UNSPECIFIED.,.F.,.F.,.U.)
B_SPLINE_SURFACE_WITH_KNOTS((4,3,3,4),(2,2),(315.,360.,360.001414214,405.),(-75.4,-0.9),.UNSPECIFIED.)
GEOMETRIC_REPRESENTATION_ITEM()
RATIONAL_B_SPLINE_SURFACE(((0.853553391,0.853553391),(0.853553391,0.853553391),(0.902368927,0.902368927),(1.,1.),(0.999996932,0.999996932),(0.999993864,0.999993864),(0.999990795,0.999990795),(0.902365859,0.902365859),(0.853553391,0.853553391),(0.853553391,0.853553391)))
REPRESENTATION_ITEM('')
SURFACE()
);
#2008=CARTESIAN_POINT('',(142.6,-147.928778735,13.147833165));
#2009=VERTEX_POINT('',#2008);
#2010=CARTESIAN_POINT('',(147.1,-147.928778735,8.647833165));
#2011=CARTESIAN_POINT('',(147.1,-147.928778735,9.8904348));
#2012=CARTESIAN_POINT('',(146.613155102,-147.928778735,10.998602153));
#2013=CARTESIAN_POINT('',(145.782051226,-147.928778735,11.829742969));
#2014=CARTESIAN_POINT('',(145.782027656,-147.928778735,11.829766539));
#2015=CARTESIAN_POINT('',(145.782004086,-147.928778735,11.82979011));
#2016=CARTESIAN_POINT('',(145.781980515,-147.928778735,11.82981368));
#2017=CARTESIAN_POINT('',(144.950834875,-147.928778735,12.660959321));
#2018=CARTESIAN_POINT('',(143.842640687,-147.928778735,13.147833165));
#2019=CARTESIAN_POINT('',(142.6,-147.928778735,13.147833165));
#2020=(BOUNDED_CURVE()
B_SPLINE_CURVE(3,(#2010,#2011,#2012,#2013,#2014,#2015,#2016,#2017,#2018,#2019),.UNSPECIFIED.,.F.,.F.)
B_SPLINE_CURVE_WITH_KNOTS((4,3,3,4),(90.,134.998585786,135.,180.),.UNSPECIFIED.)
CURVE()
GEOMETRIC_REPRESENTATION_ITEM()
RATIONAL_B_SPLINE_CURVE((0.853553391,0.853553391,0.902365859,0.999990795,0.999993864,0.999996932,1.,0.902368927,0.853553391,0.853553391))
REPRESENTATION_ITEM(''));
#2021=EDGE_CURVE('',#1873,#2009,#2020,.T.);
#2022=ORIENTED_EDGE('',*,*,#2021,.F.);
#2023=ORIENTED_EDGE('',*,*,#1886,.T.);
#2024=ORIENTED_EDGE('',*,*,#1673,.T.);
#2025=CARTESIAN_POINT('',(142.6,-147.928778735,13.147833165));
#2026=CARTESIAN_POINT('',(142.6,-123.095445401,13.147833165));
#2027=CARTESIAN_POINT('',(142.6,-98.262112068,13.147833165));
#2028=CARTESIAN_POINT('',(142.6,-73.428778735,13.147833165));
#2029=B_SPLINE_CURVE_WITH_KNOTS('',3,(#2025,#2026,#2027,#2028),.UNSPECIFIED.,.F.,.F.,(4,4),(0.,74.5),.UNSPECIFIED.);
#2030=EDGE_CURVE('',#2009,#1648,#2029,.T.);
#2031=ORIENTED_EDGE('',*,*,#2030,.F.);
#2032=EDGE_LOOP('',(#2022,#2023,#2024,#2031));
#2033=FACE_BOUND('',#2032,.T.);
#2034=ADVANCED_FACE('SURF',(#2033),#2007,.T.);
#2035=CARTESIAN_POINT('',(111.5,-73.428778162,11.347833165));
#2036=CARTESIAN_POINT('',(111.5,-72.901570606,11.3478335));
#2037=CARTESIAN_POINT('',(111.5,-72.528778735,11.720625666));
#2038=CARTESIAN_POINT('',(111.5,-72.528778735,12.247833165));
#2039=CARTESIAN_POINT('',(111.5,-72.528778735,12.247866499));
#2040=CARTESIAN_POINT('',(111.5,-72.528778737,12.247899833));
#2041=CARTESIAN_POINT('',(111.5,-72.52877874,12.247933167));
#2042=CARTESIAN_POINT('',(111.5,-72.528837316,12.775099227));
#2043=CARTESIAN_POINT('',(111.5,-72.901622061,13.147832814));
#2044=CARTESIAN_POINT('',(111.5,-73.428778135,13.147833165));
#2045=CARTESIAN_POINT('',(110.754415588,-73.428778162,11.347833165));
#2046=CARTESIAN_POINT('',(110.754415495,-72.901570606,11.3478335));
#2047=CARTESIAN_POINT('',(110.651471781,-72.528778735,11.720625666));
#2048=CARTESIAN_POINT('',(110.50588745,-72.528778735,12.247833165));
#2049=CARTESIAN_POINT('',(110.505878245,-72.528778735,12.247866499));
#2050=CARTESIAN_POINT('',(110.50586904,-72.528778737,12.247899833));
#2051=CARTESIAN_POINT('',(110.505859835,-72.52877874,12.247933167));
#2052=CARTESIAN_POINT('',(110.360286948,-72.528837316,12.775099227));
#2053=CARTESIAN_POINT('',(110.25735941,-72.901622061,13.147832814));
#2054=CARTESIAN_POINT('',(110.257359313,-73.428778135,13.147833165));
#2055=CARTESIAN_POINT('',(110.089499075,-73.428778162,11.055708859));
#2056=CARTESIAN_POINT('',(110.0894989,-72.901570606,11.055709158));
#2057=CARTESIAN_POINT('',(109.894749384,-72.528778735,11.388167378));
#2058=CARTESIAN_POINT('',(109.6193321,-72.528778735,11.85833409));
#2059=CARTESIAN_POINT('',(109.619314686,-72.528778735,11.858363817));
#2060=CARTESIAN_POINT('',(109.619297272,-72.528778737,11.858393545));
#2061=CARTESIAN_POINT('',(109.619279858,-72.52877874,11.858423272));
#2062=CARTESIAN_POINT('',(109.343884223,-72.528837316,12.328553029));
#2063=CARTESIAN_POINT('',(109.149165309,-72.901622061,12.660959008));
#2064=CARTESIAN_POINT('',(109.149165125,-73.428778135,12.660959321));
#2065=CARTESIAN_POINT('',(109.590811691,-73.428778162,10.557021474));
#2066=CARTESIAN_POINT('',(109.590811454,-72.901570606,10.557021711));
#2067=CARTESIAN_POINT('',(109.327207586,-72.528778735,10.820625579));
#2068=CARTESIAN_POINT('',(108.954415588,-72.528778735,11.193417577));
#2069=CARTESIAN_POINT('',(108.954392017,-72.528778735,11.193441148));
#2070=CARTESIAN_POINT('',(108.954368446,-72.528778737,11.193464719));
#2071=CARTESIAN_POINT('',(108.954344875,-72.52877874,11.19348829));
#2072=CARTESIAN_POINT('',(108.58158218,-72.528837316,11.566250985));
#2073=CARTESIAN_POINT('',(108.318019733,-72.901622061,11.829813432));
#2074=CARTESIAN_POINT('',(108.318019485,-73.428778135,11.82981368));
#2075=CARTESIAN_POINT('',(109.590797549,-73.428778162,10.557007332));
#2076=CARTESIAN_POINT('',(109.590797312,-72.901570606,10.557007569));
#2077=CARTESIAN_POINT('',(109.327191491,-72.528778735,10.820609485));
#2078=CARTESIAN_POINT('',(108.954396731,-72.528778735,11.193398721));
#2079=CARTESIAN_POINT('',(108.954373161,-72.528778735,11.193422291));
#2080=CARTESIAN_POINT('',(108.95434959,-72.528778737,11.193445862));
#2081=CARTESIAN_POINT('',(108.954326019,-72.52877874,11.193469433));
#2082=CARTESIAN_POINT('',(108.581560562,-72.528837316,11.566229367));
#2083=CARTESIAN_POINT('',(108.317996163,-72.901622061,11.829789862));
#2084=CARTESIAN_POINT('',(108.317995914,-73.428778135,11.82979011));
#2085=CARTESIAN_POINT('',(109.590783407,-73.428778162,10.55699319));
#2086=CARTESIAN_POINT('',(109.59078317,-72.901570606,10.556993427));
#2087=CARTESIAN_POINT('',(109.327175396,-72.528778735,10.82059339));
#2088=CARTESIAN_POINT('',(108.954377875,-72.528778735,11.193379865));
#2089=CARTESIAN_POINT('',(108.954354304,-72.528778735,11.193403435));
#2090=CARTESIAN_POINT('',(108.954330733,-72.528778737,11.193427005));
#2091=CARTESIAN_POINT('',(108.954307162,-72.52877874,11.193450576));
#2092=CARTESIAN_POINT('',(108.581538944,-72.528837316,11.566207749));
#2093=CARTESIAN_POINT('',(108.317972593,-72.901622061,11.829766291));
#2094=CARTESIAN_POINT('',(108.317972344,-73.428778135,11.829766539));
#2095=CARTESIAN_POINT('',(109.590769265,-73.428778162,10.556979047));
#2096=CARTESIAN_POINT('',(109.590769028,-72.901570606,10.556979284));
#2097=CARTESIAN_POINT('',(109.327159302,-72.528778735,10.820577294));
#2098=CARTESIAN_POINT('',(108.95435902,-72.528778735,11.193361008));
#2099=CARTESIAN_POINT('',(108.954335448,-72.528778735,11.193384578));
#2100=CARTESIAN_POINT('',(108.954311877,-72.528778737,11.193408148));
#2101=CARTESIAN_POINT('',(108.954288306,-72.52877874,11.193431719));
#2102=CARTESIAN_POINT('',(108.581517326,-72.528837316,11.566186131));
#2103=CARTESIAN_POINT('',(108.317949023,-72.901622061,11.82974272));
#2104=CARTESIAN_POINT('',(108.317948774,-73.428778135,11.829742969));
#2105=CARTESIAN_POINT('',(109.092106939,-73.428778162,10.058294559));
#2106=CARTESIAN_POINT('',(109.092106641,-72.901570606,10.058294734));
#2107=CARTESIAN_POINT('',(108.759646023,-72.528778735,10.253038792));
#2108=CARTESIAN_POINT('',(108.289475919,-72.528778735,10.528448356));
#2109=CARTESIAN_POINT('',(108.289446192,-72.528778735,10.52846577));
#2110=CARTESIAN_POINT('',(108.289416464,-72.528778737,10.528483183));
#2111=CARTESIAN_POINT('',(108.289386736,-72.52877874,10.528500597));
#2112=CARTESIAN_POINT('',(107.819253589,-72.528837316,10.803888514));
#2113=CARTESIAN_POINT('',(107.486845212,-72.901622061,10.998601971));
#2114=CARTESIAN_POINT('',(107.486844899,-73.428778135,10.998602154));
#2115=CARTESIAN_POINT('',(108.800000001,-73.428778162,9.393394148));
#2116=CARTESIAN_POINT('',(108.799999666,-72.901570606,9.39339424));
#2117=CARTESIAN_POINT('',(108.4272075,-72.528778735,9.496334719));
#2118=CARTESIAN_POINT('',(107.900000001,-72.528778735,9.641914475));
#2119=CARTESIAN_POINT('',(107.899966667,-72.528778735,9.64192368));
#2120=CARTESIAN_POINT('',(107.899933333,-72.528778737,9.641932885));
#2121=CARTESIAN_POINT('',(107.899899999,-72.52877874,9.641942089));
#2122=CARTESIAN_POINT('',(107.372733939,-72.528837316,9.787510402));
#2123=CARTESIAN_POINT('',(107.000000352,-72.901622061,9.890434706));
#2124=CARTESIAN_POINT('',(107.000000001,-73.428778135,9.890434803));
#2125=CARTESIAN_POINT('',(108.8,-73.428778162,8.647833168));
#2126=CARTESIAN_POINT('',(108.799999665,-72.901570606,8.647833168));
#2127=CARTESIAN_POINT('',(108.427207499,-72.528778735,8.647833168));
#2128=CARTESIAN_POINT('',(107.9,-72.528778735,8.647833169));
#2129=CARTESIAN_POINT('',(107.899966666,-72.528778735,8.647833169));
#2130=CARTESIAN_POINT('',(107.899933332,-72.528778737,8.647833169));
#2131=CARTESIAN_POINT('',(107.899899998,-72.52877874,8.647833169));
#2132=CARTESIAN_POINT('',(107.372733938,-72.528837316,8.647833169));
#2133=CARTESIAN_POINT('',(107.000000351,-72.901622061,8.64783317));
#2134=CARTESIAN_POINT('',(107.,-73.428778135,8.64783317));
#2135=(BOUNDED_SURFACE()
B_SPLINE_SURFACE(3,3,((#2035,#2036,#2037,#2038,#2039,#2040,#2041,#2042,#2043,#2044),(#2045,#2046,#2047,#2048,#2049,#2050,#2051,#2052,#2053,#2054),(#2055,#2056,#2057,#2058,#2059,#2060,#2061,#2062,#2063,#2064),(#2065,#2066,#2067,#2068,#2069,#2070,#2071,#2072,#2073,#2074),(#2075,#2076,#2077,#2078,#2079,#2080,#2081,#2082,#2083,#2084),(#2085,#2086,#2087,#2088,#2089,#2090,#2091,#2092,#2093,#2094),(#2095,#2096,#2097,#2098,#2099,#2100,#2101,#2102,#2103,#2104),(#2105,#2106,#2107,#2108,#2109,#2110,#2111,#2112,#2113,#2114),(#2115,#2116,#2117,#2118,#2119,#2120,#2121,#2122,#2123,#2124),(#2125,#2126,#2127,#2128,#2129,#2130,#2131,#2132,#2133,#2134)),.UNSPECIFIED.,.F.,.F.,.U.)
B_SPLINE_SURFACE_WITH_KNOTS((4,3,3,4),(4,3,3,4),(270.,315.,315.001414214,359.999999941),(180.000040464,270.,270.007071068,359.999957613),.UNSPECIFIED.)
GEOMETRIC_REPRESENTATION_ITEM()
RATIONAL_B_SPLINE_SURFACE(((0.853553166,0.686886724,0.686886799,0.853553391,0.853540296,0.853527202,0.85351411,0.686886803,0.686899818,0.853553155),(0.853553166,0.686886724,0.686886799,0.853553391,0.853540296,0.853527202,0.85351411,0.686886803,0.686899818,0.853553155),(0.902368689,0.726170434,0.726170513,0.902368927,0.902355084,0.902341241,0.9023274,0.726170518,0.726184277,0.902368678),(0.999999737,0.804737854,0.804737942,1.,0.999984659,0.999969319,0.99995398,0.804737947,0.804753195,0.999999724),(0.999996668,0.804735385,0.804735473,0.999996932,0.999981591,0.999966251,0.999950912,0.804735478,0.804750726,0.999996656),(0.9999936,0.804732916,0.804733004,0.999993864,0.999978522,0.999963182,0.999947844,0.804733009,0.804748257,0.999993588),(0.999990532,0.804730447,0.804730535,0.999990795,0.999975454,0.999960114,0.999944776,0.80473054,0.804745788,0.99999052),(0.902365621,0.726167965,0.726168044,0.902365859,0.902352016,0.902338173,0.902324332,0.726168049,0.726181808,0.90236561),(0.853553166,0.686886724,0.686886799,0.853553391,0.853540296,0.853527203,0.85351411,0.686886804,0.686899819,0.853553155),(0.853553166,0.686886724,0.686886799,0.853553391,0.853540296,0.853527202,0.85351411,0.686886803,0.686899818,0.853553155)))
REPRESENTATION_ITEM('')
SURFACE()
);
#2136=ORIENTED_EDGE('',*,*,#1760,.T.);
#2137=CARTESIAN_POINT('',(111.5,-73.428778735,13.147833165));
#2138=CARTESIAN_POINT('',(110.257398365,-73.428778735,13.147833165));
#2139=CARTESIAN_POINT('',(109.149231012,-73.428778735,12.660988267));
#2140=CARTESIAN_POINT('',(108.318090196,-73.428778735,11.829884391));
#2141=CARTESIAN_POINT('',(108.318066626,-73.428778735,11.829860821));
#2142=CARTESIAN_POINT('',(108.318043055,-73.428778735,11.829837251));
#2143=CARTESIAN_POINT('',(108.318019485,-73.428778735,11.82981368));
#2144=CARTESIAN_POINT('',(107.486873844,-73.428778735,10.99866804));
#2145=CARTESIAN_POINT('',(107.,-73.428778735,9.890473852));
#2146=CARTESIAN_POINT('',(107.,-73.428778735,8.647833165));
#2147=(BOUNDED_CURVE()
B_SPLINE_CURVE(3,(#2137,#2138,#2139,#2140,#2141,#2142,#2143,#2144,#2145,#2146),.UNSPECIFIED.,.F.,.F.)
B_SPLINE_CURVE_WITH_KNOTS((4,3,3,4),(315.,359.998585786,360.,405.),.UNSPECIFIED.)
CURVE()
GEOMETRIC_REPRESENTATION_ITEM()
RATIONAL_B_SPLINE_CURVE((0.853553391,0.853553391,0.902365859,0.999990795,0.999993864,0.999996932,1.,0.902368927,0.853553391,0.853553391))
REPRESENTATION_ITEM(''));
#2148=EDGE_CURVE('',#1963,#1741,#2147,.T.);
#2149=ORIENTED_EDGE('',*,*,#2148,.F.);
#2150=ORIENTED_EDGE('',*,*,#1975,.T.);
#2151=ORIENTED_EDGE('',*,*,#1710,.T.);
#2152=EDGE_LOOP('',(#2136,#2149,#2150,#2151));
#2153=FACE_BOUND('',#2152,.T.);
#2154=ADVANCED_FACE('SURF',(#2153),#2135,.T.);
#2155=CARTESIAN_POINT('',(107.,-67.428778735,2.647833165));
#2156=DIRECTION('',(-1.,0.,0.));
#2157=DIRECTION('',(-0.,-0.707106781,-0.707106781));
#2158=AXIS2_PLACEMENT_3D('',#2155,#2156,#2157);
#2159=PLANE('',#2158);
#2160=CARTESIAN_POINT('',(107.,-147.928778735,8.647833165));
#2161=VERTEX_POINT('',#2160);
#2162=CARTESIAN_POINT('',(107.,-147.928778735,8.647833165));
#2163=DIRECTION('',(0.,0.,-1.));
#2164=VECTOR('',#2163,12.);
#2165=LINE('',#2162,#2164);
#2166=EDGE_CURVE('',#2161,#1913,#2165,.T.);
#2167=ORIENTED_EDGE('',*,*,#2166,.F.);
#2168=CARTESIAN_POINT('',(107.,-73.428778735,8.647833165));
#2169=DIRECTION('',(-0.,-1.,-0.));
#2170=VECTOR('',#2169,74.5);
#2171=LINE('',#2168,#2170);
#2172=EDGE_CURVE('',#1741,#2161,#2171,.T.);
#2173=ORIENTED_EDGE('',*,*,#2172,.F.);
#2174=ORIENTED_EDGE('',*,*,#1747,.T.);
#2175=ORIENTED_EDGE('',*,*,#1932,.T.);
#2176=EDGE_LOOP('',(#2167,#2173,#2174,#2175));
#2177=FACE_BOUND('',#2176,.T.);
#2178=ADVANCED_FACE('SURF',(#2177),#2159,.T.);
#2179=CARTESIAN_POINT('',(111.5,-147.928779317,-6.052166835));
#2180=CARTESIAN_POINT('',(142.6,-147.928779317,-6.052166835));
#2181=CARTESIAN_POINT('',(111.5,-148.45598687,-6.052167176));
#2182=CARTESIAN_POINT('',(142.6,-148.45598687,-6.052167176));
#2183=CARTESIAN_POINT('',(111.5,-148.828778735,-6.424959341));
#2184=CARTESIAN_POINT('',(142.6,-148.828778735,-6.424959341));
#2185=CARTESIAN_POINT('',(111.5,-148.828778735,-6.952166835));
#2186=CARTESIAN_POINT('',(142.6,-148.828778735,-6.952166835));
#2187=CARTESIAN_POINT('',(111.5,-148.828778735,-6.952200169));
#2188=CARTESIAN_POINT('',(142.6,-148.828778735,-6.952200169));
#2189=CARTESIAN_POINT('',(111.5,-148.828778733,-6.952233503));
#2190=CARTESIAN_POINT('',(142.6,-148.828778733,-6.952233503));
#2191=CARTESIAN_POINT('',(111.5,-148.828778729,-6.952266837));
#2192=CARTESIAN_POINT('',(142.6,-148.828778729,-6.952266837));
#2193=CARTESIAN_POINT('',(111.5,-148.828720154,-7.479432906));
#2194=CARTESIAN_POINT('',(142.6,-148.828720154,-7.479432906));
#2195=CARTESIAN_POINT('',(111.5,-148.455935399,-7.852166494));
#2196=CARTESIAN_POINT('',(142.6,-148.455935399,-7.852166494));
#2197=CARTESIAN_POINT('',(111.5,-147.928779317,-7.852166835));
#2198=CARTESIAN_POINT('',(142.6,-147.928779317,-7.852166835));
#2199=(BOUNDED_SURFACE()
B_SPLINE_SURFACE(3,1,((#2179,#2180),(#2181,#2182),(#2183,#2184),(#2185,#2186),(#2187,#2188),(#2189,#2190),(#2191,#2192),(#2193,#2194),(#2195,#2196),(#2197,#2198)),.UNSPECIFIED.,.F.,.F.,.U.)
B_SPLINE_SURFACE_WITH_KNOTS((4,3,3,4),(2,2),(225.000041188,315.,315.007071068,404.999958819),(-23.325,7.775),.UNSPECIFIED.)
GEOMETRIC_REPRESENTATION_ITEM()
RATIONAL_B_SPLINE_SURFACE(((0.999999732,0.999999732),(0.804737854,0.804737854),(0.804737943,0.804737943),(1.,1.),(0.999984659,0.999984659),(0.999969319,0.999969319),(0.99995398,0.99995398),(0.804737945,0.804737945),(0.804753195,0.804753195),(0.999999732,0.999999732)))
REPRESENTATION_ITEM('')
SURFACE()
);
#2200=CARTESIAN_POINT('',(111.5,-147.928778735,-6.052166835));
#2201=VERTEX_POINT('',#2200);
#2202=CARTESIAN_POINT('',(111.5,-147.928778735,-7.852166835));
#2203=CARTESIAN_POINT('',(111.5,-148.455935058,-7.852166835));
#2204=CARTESIAN_POINT('',(111.5,-148.828720154,-7.479433206));
#2205=CARTESIAN_POINT('',(111.5,-148.828778729,-6.952266837));
#2206=CARTESIAN_POINT('',(111.5,-148.828778733,-6.952233503));
#2207=CARTESIAN_POINT('',(111.5,-148.828778735,-6.952200169));
#2208=CARTESIAN_POINT('',(111.5,-148.828778735,-6.952166835));
#2209=CARTESIAN_POINT('',(111.5,-148.828778735,-6.424959041));
#2210=CARTESIAN_POINT('',(111.5,-148.455986529,-6.052166835));
#2211=CARTESIAN_POINT('',(111.5,-147.928778735,-6.052166835));
#2212=(BOUNDED_CURVE()
B_SPLINE_CURVE(3,(#2202,#2203,#2204,#2205,#2206,#2207,#2208,#2209,#2210,#2211),.UNSPECIFIED.,.F.,.F.)
B_SPLINE_CURVE_WITH_KNOTS((4,3,3,4),(180.,269.992928932,270.,360.),.UNSPECIFIED.)
CURVE()
GEOMETRIC_REPRESENTATION_ITEM()
RATIONAL_B_SPLINE_CURVE((0.853553391,0.686899818,0.686886725,0.85351411,0.853527202,0.853540296,0.853553391,0.686886724,0.686886724,0.853553391))
REPRESENTATION_ITEM(''));
#2213=EDGE_CURVE('',#1794,#2201,#2212,.T.);
#2214=ORIENTED_EDGE('',*,*,#2213,.F.);
#2215=ORIENTED_EDGE('',*,*,#1801,.T.);
#2216=CARTESIAN_POINT('',(142.6,-147.928778735,-6.052166835));
#2217=VERTEX_POINT('',#2216);
#2218=CARTESIAN_POINT('',(142.6,-147.928778735,-6.052166835));
#2219=CARTESIAN_POINT('',(142.6,-148.455986529,-6.052166835));
#2220=CARTESIAN_POINT('',(142.6,-148.828778735,-6.424959041));
#2221=CARTESIAN_POINT('',(142.6,-148.828778735,-6.952166835));
#2222=CARTESIAN_POINT('',(142.6,-148.828778735,-6.952200169));
#2223=CARTESIAN_POINT('',(142.6,-148.828778733,-6.952233503));
#2224=CARTESIAN_POINT('',(142.6,-148.828778729,-6.952266837));
#2225=CARTESIAN_POINT('',(142.6,-148.828720154,-7.479433206));
#2226=CARTESIAN_POINT('',(142.6,-148.455935058,-7.852166835));
#2227=CARTESIAN_POINT('',(142.6,-147.928778735,-7.852166835));
#2228=(BOUNDED_CURVE()
B_SPLINE_CURVE(3,(#2218,#2219,#2220,#2221,#2222,#2223,#2224,#2225,#2226,#2227),.UNSPECIFIED.,.F.,.F.)
B_SPLINE_CURVE_WITH_KNOTS((4,3,3,4),(180.,270.,270.007071068,360.),.UNSPECIFIED.)
CURVE()
GEOMETRIC_REPRESENTATION_ITEM()
RATIONAL_B_SPLINE_CURVE((0.853553391,0.686886724,0.686886724,0.853553391,0.853540296,0.853527202,0.85351411,0.686886725,0.686899818,0.853553391))
REPRESENTATION_ITEM(''));
#2229=EDGE_CURVE('',#2217,#1796,#2228,.T.);
#2230=ORIENTED_EDGE('',*,*,#2229,.F.);
#2231=CARTESIAN_POINT('',(111.5,-147.928778735,-6.052166835));
#2232=CARTESIAN_POINT('',(121.866666667,-147.928778735,-6.052166835));
#2233=CARTESIAN_POINT('',(132.233333333,-147.928778735,-6.052166835));
#2234=CARTESIAN_POINT('',(142.6,-147.928778735,-6.052166835));
#2235=B_SPLINE_CURVE_WITH_KNOTS('',3,(#2231,#2232,#2233,#2234),.UNSPECIFIED.,.F.,.F.,(4,4),(0.,31.1),.UNSPECIFIED.);
#2236=EDGE_CURVE('',#2201,#2217,#2235,.T.);
#2237=ORIENTED_EDGE('',*,*,#2236,.F.);
#2238=EDGE_LOOP('',(#2214,#2215,#2230,#2237));
#2239=FACE_BOUND('',#2238,.T.);
#2240=ADVANCED_FACE('SURF',(#2239),#2199,.T.);
#2241=CARTESIAN_POINT('',(145.3,-147.928779307,-3.352166838));
#2242=CARTESIAN_POINT('',(145.300000335,-148.455986864,-3.352166838));
#2243=CARTESIAN_POINT('',(145.672792501,-148.828778735,-3.352166838));
#2244=CARTESIAN_POINT('',(146.2,-148.828778735,-3.352166839));
#2245=CARTESIAN_POINT('',(146.200033334,-148.828778735,-3.352166839));
#2246=CARTESIAN_POINT('',(146.200066668,-148.828778733,-3.352166839));
#2247=CARTESIAN_POINT('',(146.200100002,-148.828778729,-3.352166839));
#2248=CARTESIAN_POINT('',(146.727266062,-148.828720154,-3.352166839));
#2249=CARTESIAN_POINT('',(147.099999649,-148.455935409,-3.35216684));
#2250=CARTESIAN_POINT('',(147.1,-147.928779334,-3.35216684));
#2251=CARTESIAN_POINT('',(145.299999999,-147.928779307,-4.097751249));
#2252=CARTESIAN_POINT('',(145.300000334,-148.455986864,-4.097751342));
#2253=CARTESIAN_POINT('',(145.6727925,-148.828778735,-4.200695056));
#2254=CARTESIAN_POINT('',(146.199999999,-148.828778735,-4.346279387));
#2255=CARTESIAN_POINT('',(146.200033333,-148.828778735,-4.346288592));
#2256=CARTESIAN_POINT('',(146.200066667,-148.828778733,-4.346297797));
#2257=CARTESIAN_POINT('',(146.200100001,-148.828778729,-4.346307002));
#2258=CARTESIAN_POINT('',(146.727266061,-148.828720154,-4.49187989));
#2259=CARTESIAN_POINT('',(147.099999648,-148.455935409,-4.594807428));
#2260=CARTESIAN_POINT('',(147.099999999,-147.928779334,-4.594807525));
#2261=CARTESIAN_POINT('',(145.007875693,-147.928779307,-4.76266776));
#2262=CARTESIAN_POINT('',(145.007875992,-148.455986864,-4.762667936));
#2263=CARTESIAN_POINT('',(145.340334212,-148.828778735,-4.957417452));
#2264=CARTESIAN_POINT('',(145.810500924,-148.828778735,-5.232834736));
#2265=CARTESIAN_POINT('',(145.810530651,-148.828778735,-5.23285215));
#2266=CARTESIAN_POINT('',(145.810560379,-148.828778733,-5.232869564));
#2267=CARTESIAN_POINT('',(145.810590106,-148.828778729,-5.232886978));
#2268=CARTESIAN_POINT('',(146.280719863,-148.828720154,-5.508282613));
#2269=CARTESIAN_POINT('',(146.613125842,-148.455935409,-5.703001527));
#2270=CARTESIAN_POINT('',(146.613126155,-147.928779334,-5.703001711));
#2271=CARTESIAN_POINT('',(144.509188309,-147.928779307,-5.261355144));
#2272=CARTESIAN_POINT('',(144.509188546,-148.455986864,-5.261355381));
#2273=CARTESIAN_POINT('',(144.772792414,-148.828778735,-5.524959249));
#2274=CARTESIAN_POINT('',(145.145584412,-148.828778735,-5.897751247));
#2275=CARTESIAN_POINT('',(145.145607983,-148.828778735,-5.897774818));
#2276=CARTESIAN_POINT('',(145.145631554,-148.828778733,-5.897798389));
#2277=CARTESIAN_POINT('',(145.145655125,-148.828778729,-5.89782196));
#2278=CARTESIAN_POINT('',(145.51841782,-148.828720154,-6.270584655));
#2279=CARTESIAN_POINT('',(145.781980267,-148.455935409,-6.534147102));
#2280=CARTESIAN_POINT('',(145.781980515,-147.928779334,-6.53414735));
#2281=CARTESIAN_POINT('',(144.509174167,-147.928779307,-5.261369286));
#2282=CARTESIAN_POINT('',(144.509174404,-148.455986864,-5.261369523));
#2283=CARTESIAN_POINT('',(144.77277632,-148.828778735,-5.524975344));
#2284=CARTESIAN_POINT('',(145.145565556,-148.828778735,-5.897770103));
#2285=CARTESIAN_POINT('',(145.145589126,-148.828778735,-5.897793674));
#2286=CARTESIAN_POINT('',(145.145612697,-148.828778733,-5.897817245));
#2287=CARTESIAN_POINT('',(145.145636268,-148.828778729,-5.897840816));
#2288=CARTESIAN_POINT('',(145.518396202,-148.828720154,-6.270606273));
#2289=CARTESIAN_POINT('',(145.781956697,-148.455935409,-6.534170672));
#2290=CARTESIAN_POINT('',(145.781956945,-147.928779334,-6.534170921));
#2291=CARTESIAN_POINT('',(144.509160025,-147.928779307,-5.261383428));
#2292=CARTESIAN_POINT('',(144.509160262,-148.455986864,-5.261383665));
#2293=CARTESIAN_POINT('',(144.772760225,-148.828778735,-5.524991439));
#2294=CARTESIAN_POINT('',(145.1455467,-148.828778735,-5.89778896));
#2295=CARTESIAN_POINT('',(145.14557027,-148.828778735,-5.89781253));
#2296=CARTESIAN_POINT('',(145.14559384,-148.828778733,-5.897836102));
#2297=CARTESIAN_POINT('',(145.145617411,-148.828778729,-5.897859673));
#2298=CARTESIAN_POINT('',(145.518374584,-148.828720154,-6.270627891));
#2299=CARTESIAN_POINT('',(145.781933126,-148.455935409,-6.534194242));
#2300=CARTESIAN_POINT('',(145.781933374,-147.928779334,-6.534194491));
#2301=CARTESIAN_POINT('',(144.509145882,-147.928779307,-5.26139757));
#2302=CARTESIAN_POINT('',(144.509146119,-148.455986864,-5.261397807));
#2303=CARTESIAN_POINT('',(144.772744129,-148.828778735,-5.525007533));
#2304=CARTESIAN_POINT('',(145.145527843,-148.828778735,-5.897807815));
#2305=CARTESIAN_POINT('',(145.145551413,-148.828778735,-5.897831387));
#2306=CARTESIAN_POINT('',(145.145574983,-148.828778733,-5.897854958));
#2307=CARTESIAN_POINT('',(145.145598554,-148.828778729,-5.897878529));
#2308=CARTESIAN_POINT('',(145.518352966,-148.828720154,-6.270649509));
#2309=CARTESIAN_POINT('',(145.781909555,-148.455935409,-6.534217812));
#2310=CARTESIAN_POINT('',(145.781909804,-147.928779334,-6.534218061));
#2311=CARTESIAN_POINT('',(144.010461394,-147.928779307,-5.760059896));
#2312=CARTESIAN_POINT('',(144.010461569,-148.455986864,-5.760060194));
#2313=CARTESIAN_POINT('',(144.205205627,-148.828778735,-6.092520812));
#2314=CARTESIAN_POINT('',(144.480615191,-148.828778735,-6.562690916));
#2315=CARTESIAN_POINT('',(144.480632605,-148.828778735,-6.562720643));
#2316=CARTESIAN_POINT('',(144.480650018,-148.828778733,-6.562750371));
#2317=CARTESIAN_POINT('',(144.480667432,-148.828778729,-6.562780099));
#2318=CARTESIAN_POINT('',(144.756055349,-148.828720154,-7.032913246));
#2319=CARTESIAN_POINT('',(144.950768806,-148.455935409,-7.365321623));
#2320=CARTESIAN_POINT('',(144.950768989,-147.928779334,-7.365321936));
#2321=CARTESIAN_POINT('',(143.345560983,-147.928779307,-6.052166834));
#2322=CARTESIAN_POINT('',(143.345561075,-148.455986864,-6.052167169));
#2323=CARTESIAN_POINT('',(143.448501554,-148.828778735,-6.424959335));
#2324=CARTESIAN_POINT('',(143.59408131,-148.828778735,-6.952166834));
#2325=CARTESIAN_POINT('',(143.594090515,-148.828778735,-6.952200168));
#2326=CARTESIAN_POINT('',(143.594099719,-148.828778733,-6.952233502));
#2327=CARTESIAN_POINT('',(143.594108924,-148.828778729,-6.952266836));
#2328=CARTESIAN_POINT('',(143.739677237,-148.828720154,-7.479432896));
#2329=CARTESIAN_POINT('',(143.842601541,-148.455935409,-7.852166483));
#2330=CARTESIAN_POINT('',(143.842601638,-147.928779334,-7.852166834));
#2331=CARTESIAN_POINT('',(142.600000003,-147.928779307,-6.052166835));
#2332=CARTESIAN_POINT('',(142.600000003,-148.455986864,-6.05216717));
#2333=CARTESIAN_POINT('',(142.600000003,-148.828778735,-6.424959336));
#2334=CARTESIAN_POINT('',(142.600000004,-148.828778735,-6.952166835));
#2335=CARTESIAN_POINT('',(142.600000004,-148.828778735,-6.952200169));
#2336=CARTESIAN_POINT('',(142.600000004,-148.828778733,-6.952233503));
#2337=CARTESIAN_POINT('',(142.600000004,-148.828778729,-6.952266837));
#2338=CARTESIAN_POINT('',(142.600000004,-148.828720154,-7.479432897));
#2339=CARTESIAN_POINT('',(142.600000005,-148.455935409,-7.852166484));
#2340=CARTESIAN_POINT('',(142.600000005,-147.928779334,-7.852166835));
#2341=(BOUNDED_SURFACE()
B_SPLINE_SURFACE(3,3,((#2241,#2242,#2243,#2244,#2245,#2246,#2247,#2248,#2249,#2250),(#2251,#2252,#2253,#2254,#2255,#2256,#2257,#2258,#2259,#2260),(#2261,#2262,#2263,#2264,#2265,#2266,#2267,#2268,#2269,#2270),(#2271,#2272,#2273,#2274,#2275,#2276,#2277,#2278,#2279,#2280),(#2281,#2282,#2283,#2284,#2285,#2286,#2287,#2288,#2289,#2290),(#2291,#2292,#2293,#2294,#2295,#2296,#2297,#2298,#2299,#2300),(#2301,#2302,#2303,#2304,#2305,#2306,#2307,#2308,#2309,#2310),(#2311,#2312,#2313,#2314,#2315,#2316,#2317,#2318,#2319,#2320),(#2321,#2322,#2323,#2324,#2325,#2326,#2327,#2328,#2329,#2330),(#2331,#2332,#2333,#2334,#2335,#2336,#2337,#2338,#2339,#2340)),.UNSPECIFIED.,.F.,.F.,.U.)
B_SPLINE_SURFACE_WITH_KNOTS((4,3,3,4),(4,3,3,4),(180.000000059,225.,225.001414214,269.999999942),(180.000040464,270.,270.007071068,359.999957613),.UNSPECIFIED.)
GEOMETRIC_REPRESENTATION_ITEM()
RATIONAL_B_SPLINE_SURFACE(((0.853553166,0.686886724,0.686886799,0.853553391,0.853540296,0.853527202,0.85351411,0.686886803,0.686899818,0.853553155),(0.853553166,0.686886724,0.686886799,0.853553391,0.853540296,0.853527203,0.85351411,0.686886804,0.686899819,0.853553155),(0.90236869,0.726170434,0.726170513,0.902368927,0.902355084,0.902341241,0.9023274,0.726170518,0.726184278,0.902368678),(0.999999737,0.804737854,0.804737942,1.,0.999984659,0.999969319,0.99995398,0.804737947,0.804753195,0.999999724),(0.999996668,0.804735385,0.804735473,0.999996932,0.999981591,0.999966251,0.999950912,0.804735478,0.804750726,0.999996656),(0.9999936,0.804732916,0.804733004,0.999993864,0.999978522,0.999963182,0.999947844,0.804733009,0.804748257,0.999993588),(0.999990532,0.804730447,0.804730535,0.999990795,0.999975454,0.999960114,0.999944776,0.80473054,0.804745788,0.99999052),(0.902365621,0.726167965,0.726168044,0.902365859,0.902352016,0.902338173,0.902324332,0.726168049,0.726181808,0.90236561),(0.853553166,0.686886724,0.686886799,0.853553391,0.853540296,0.853527203,0.85351411,0.686886804,0.686899819,0.853553155),(0.853553166,0.686886724,0.686886799,0.853553391,0.853540296,0.853527202,0.85351411,0.686886803,0.686899818,0.853553155)))
REPRESENTATION_ITEM('')
SURFACE()
);
#2342=ORIENTED_EDGE('',*,*,#2229,.T.);
#2343=ORIENTED_EDGE('',*,*,#1853,.T.);
#2344=CARTESIAN_POINT('',(145.3,-147.928778735,-3.352166835));
#2345=VERTEX_POINT('',#2344);
#2346=CARTESIAN_POINT('',(145.3,-147.928778735,-3.352166835));
#2347=CARTESIAN_POINT('',(145.3,-148.455986529,-3.352166835));
#2348=CARTESIAN_POINT('',(145.672792206,-148.828778735,-3.352166835));
#2349=CARTESIAN_POINT('',(146.2,-148.828778735,-3.352166835));
#2350=CARTESIAN_POINT('',(146.200033334,-148.828778735,-3.352166835));
#2351=CARTESIAN_POINT('',(146.200066668,-148.828778733,-3.352166835));
#2352=CARTESIAN_POINT('',(146.200100002,-148.828778729,-3.352166835));
#2353=CARTESIAN_POINT('',(146.727266371,-148.828720154,-3.352166835));
#2354=CARTESIAN_POINT('',(147.1,-148.455935058,-3.352166835));
#2355=CARTESIAN_POINT('',(147.1,-147.928778735,-3.352166835));
#2356=(BOUNDED_CURVE()
B_SPLINE_CURVE(3,(#2346,#2347,#2348,#2349,#2350,#2351,#2352,#2353,#2354,#2355),.UNSPECIFIED.,.F.,.F.)
B_SPLINE_CURVE_WITH_KNOTS((4,3,3,4),(225.,315.,315.007071068,405.),.UNSPECIFIED.)
CURVE()
GEOMETRIC_REPRESENTATION_ITEM()
RATIONAL_B_SPLINE_CURVE((1.,0.804737854,0.804737854,1.,0.999984659,0.999969319,0.99995398,0.804737855,0.804753195,1.))
REPRESENTATION_ITEM(''));
#2357=EDGE_CURVE('',#2345,#1841,#2356,.T.);
#2358=ORIENTED_EDGE('',*,*,#2357,.F.);
#2359=CARTESIAN_POINT('',(142.6,-147.928778735,-6.052166835));
#2360=CARTESIAN_POINT('',(143.34554536,-147.928778735,-6.052166835));
#2361=CARTESIAN_POINT('',(144.010435038,-147.928778735,-5.760071474));
#2362=CARTESIAN_POINT('',(144.509117597,-147.928778735,-5.261425854));
#2363=CARTESIAN_POINT('',(144.509141168,-147.928778735,-5.261402284));
#2364=CARTESIAN_POINT('',(144.509164739,-147.928778735,-5.261378715));
#2365=CARTESIAN_POINT('',(144.509188309,-147.928778735,-5.261355144));
#2366=CARTESIAN_POINT('',(145.007875694,-147.928778735,-4.76266776));
#2367=CARTESIAN_POINT('',(145.3,-147.928778735,-4.097751247));
#2368=CARTESIAN_POINT('',(145.3,-147.928778735,-3.352166835));
#2369=(BOUNDED_CURVE()
B_SPLINE_CURVE(3,(#2359,#2360,#2361,#2362,#2363,#2364,#2365,#2366,#2367,#2368),.UNSPECIFIED.,.F.,.F.)
B_SPLINE_CURVE_WITH_KNOTS((4,3,3,4),(-45.,-0.002357023,0.,45.),.UNSPECIFIED.)
CURVE()
GEOMETRIC_REPRESENTATION_ITEM()
RATIONAL_B_SPLINE_CURVE((0.853553391,0.853553391,0.902363813,0.999984659,0.999989773,0.999994886,1.,0.902368927,0.853553391,0.853553391))
REPRESENTATION_ITEM(''));
#2370=EDGE_CURVE('',#2217,#2345,#2369,.T.);
#2371=ORIENTED_EDGE('',*,*,#2370,.F.);
#2372=EDGE_LOOP('',(#2342,#2343,#2358,#2371));
#2373=FACE_BOUND('',#2372,.T.);
#2374=ADVANCED_FACE('SURF',(#2373),#2341,.T.);
#2375=CARTESIAN_POINT('',(145.3,-147.928779317,-3.352166835));
#2376=CARTESIAN_POINT('',(145.3,-147.928779317,8.647833165));
#2377=CARTESIAN_POINT('',(145.300000341,-148.45598687,-3.352166835));
#2378=CARTESIAN_POINT('',(145.300000341,-148.45598687,8.647833165));
#2379=CARTESIAN_POINT('',(145.672792506,-148.828778735,-3.352166835));
#2380=CARTESIAN_POINT('',(145.672792506,-148.828778735,8.647833165));
#2381=CARTESIAN_POINT('',(146.2,-148.828778735,-3.352166835));
#2382=CARTESIAN_POINT('',(146.2,-148.828778735,8.647833165));
#2383=CARTESIAN_POINT('',(146.200033334,-148.828778735,-3.352166835));
#2384=CARTESIAN_POINT('',(146.200033334,-148.828778735,8.647833165));
#2385=CARTESIAN_POINT('',(146.200066668,-148.828778733,-3.352166835));
#2386=CARTESIAN_POINT('',(146.200066668,-148.828778733,8.647833165));
#2387=CARTESIAN_POINT('',(146.200100002,-148.828778729,-3.352166835));
#2388=CARTESIAN_POINT('',(146.200100002,-148.828778729,8.647833165));
#2389=CARTESIAN_POINT('',(146.727265947,-148.828720154,-3.352166835));
#2390=CARTESIAN_POINT('',(146.727265947,-148.828720154,8.647833165));
#2391=CARTESIAN_POINT('',(147.099999518,-148.45593554,-3.352166835));
#2392=CARTESIAN_POINT('',(147.099999518,-148.45593554,8.647833165));
#2393=CARTESIAN_POINT('',(147.1,-147.928779558,-3.352166835));
#2394=CARTESIAN_POINT('',(147.1,-147.928779558,8.647833165));
#2395=(BOUNDED_SURFACE()
B_SPLINE_SURFACE(3,1,((#2375,#2376),(#2377,#2378),(#2379,#2380),(#2381,#2382),(#2383,#2384),(#2385,#2386),(#2387,#2388),(#2389,#2390),(#2391,#2392),(#2393,#2394)),.UNSPECIFIED.,.F.,.F.,.U.)
B_SPLINE_SURFACE_WITH_KNOTS((4,3,3,4),(2,2),(225.000041188,315.,315.007071068,404.999941761),(-9.,3.),.UNSPECIFIED.)
GEOMETRIC_REPRESENTATION_ITEM()
RATIONAL_B_SPLINE_SURFACE(((0.999999732,0.999999732),(0.804737854,0.804737854),(0.804737943,0.804737943),(1.,1.),(0.999984659,0.999984659),(0.999969319,0.999969319),(0.99995398,0.99995398),(0.804737982,0.804737982),(0.804753195,0.804753195),(0.999999621,0.999999621)))
REPRESENTATION_ITEM('')
SURFACE()
);
#2396=CARTESIAN_POINT('',(145.3,-147.928778735,8.647833165));
#2397=VERTEX_POINT('',#2396);
#2398=CARTESIAN_POINT('',(145.3,-147.928778735,8.647833165));
#2399=CARTESIAN_POINT('',(145.3,-148.455986529,8.647833165));
#2400=CARTESIAN_POINT('',(145.672792206,-148.828778735,8.647833165));
#2401=CARTESIAN_POINT('',(146.2,-148.828778735,8.647833165));
#2402=CARTESIAN_POINT('',(146.200033334,-148.828778735,8.647833165));
#2403=CARTESIAN_POINT('',(146.200066668,-148.828778733,8.647833165));
#2404=CARTESIAN_POINT('',(146.200100002,-148.828778729,8.647833165));
#2405=CARTESIAN_POINT('',(146.727266371,-148.828720154,8.647833165));
#2406=CARTESIAN_POINT('',(147.1,-148.455935058,8.647833165));
#2407=CARTESIAN_POINT('',(147.1,-147.928778735,8.647833165));
#2408=(BOUNDED_CURVE()
B_SPLINE_CURVE(3,(#2398,#2399,#2400,#2401,#2402,#2403,#2404,#2405,#2406,#2407),.UNSPECIFIED.,.F.,.F.)
B_SPLINE_CURVE_WITH_KNOTS((4,3,3,4),(180.,270.,270.007071068,360.),.UNSPECIFIED.)
CURVE()
GEOMETRIC_REPRESENTATION_ITEM()
RATIONAL_B_SPLINE_CURVE((0.853553391,0.686886724,0.686886724,0.853553391,0.853540296,0.853527202,0.85351411,0.686886725,0.686899818,0.853553391))
REPRESENTATION_ITEM(''));
#2409=EDGE_CURVE('',#2397,#1873,#2408,.T.);
#2410=ORIENTED_EDGE('',*,*,#2409,.F.);
#2411=CARTESIAN_POINT('',(145.3,-147.928778735,-3.352166835));
#2412=CARTESIAN_POINT('',(145.3,-147.928778735,0.647833165));
#2413=CARTESIAN_POINT('',(145.3,-147.928778735,4.647833165));
#2414=CARTESIAN_POINT('',(145.3,-147.928778735,8.647833165));
#2415=B_SPLINE_CURVE_WITH_KNOTS('',3,(#2411,#2412,#2413,#2414),.UNSPECIFIED.,.F.,.F.,(4,4),(0.,12.),.UNSPECIFIED.);
#2416=EDGE_CURVE('',#2345,#2397,#2415,.T.);
#2417=ORIENTED_EDGE('',*,*,#2416,.F.);
#2418=ORIENTED_EDGE('',*,*,#2357,.T.);
#2419=ORIENTED_EDGE('',*,*,#1878,.T.);
#2420=EDGE_LOOP('',(#2410,#2417,#2418,#2419));
#2421=FACE_BOUND('',#2420,.T.);
#2422=ADVANCED_FACE('SURF',(#2421),#2395,.T.);
#2423=CARTESIAN_POINT('',(111.5,-147.928779307,-6.052166835));
#2424=CARTESIAN_POINT('',(111.5,-148.455986864,-6.05216717));
#2425=CARTESIAN_POINT('',(111.5,-148.828778735,-6.424959336));
#2426=CARTESIAN_POINT('',(111.5,-148.828778735,-6.952166835));
#2427=CARTESIAN_POINT('',(111.5,-148.828778735,-6.952200169));
#2428=CARTESIAN_POINT('',(111.5,-148.828778733,-6.952233503));
#2429=CARTESIAN_POINT('',(111.5,-148.828778729,-6.952266837));
#2430=CARTESIAN_POINT('',(111.5,-148.828720154,-7.479432897));
#2431=CARTESIAN_POINT('',(111.5,-148.455935409,-7.852166484));
#2432=CARTESIAN_POINT('',(111.5,-147.928779334,-7.852166835));
#2433=CARTESIAN_POINT('',(110.754415588,-147.928779307,-6.052166835));
#2434=CARTESIAN_POINT('',(110.754415495,-148.455986864,-6.05216717));
#2435=CARTESIAN_POINT('',(110.651471781,-148.828778735,-6.424959336));
#2436=CARTESIAN_POINT('',(110.50588745,-148.828778735,-6.952166835));
#2437=CARTESIAN_POINT('',(110.505878245,-148.828778735,-6.952200169));
#2438=CARTESIAN_POINT('',(110.50586904,-148.828778733,-6.952233503));
#2439=CARTESIAN_POINT('',(110.505859835,-148.828778729,-6.952266837));
#2440=CARTESIAN_POINT('',(110.360286948,-148.828720154,-7.479432897));
#2441=CARTESIAN_POINT('',(110.25735941,-148.455935409,-7.852166484));
#2442=CARTESIAN_POINT('',(110.257359313,-147.928779334,-7.852166835));
#2443=CARTESIAN_POINT('',(110.089499075,-147.928779307,-5.760042529));
#2444=CARTESIAN_POINT('',(110.0894989,-148.455986864,-5.760042828));
#2445=CARTESIAN_POINT('',(109.894749384,-148.828778735,-6.092501048));
#2446=CARTESIAN_POINT('',(109.6193321,-148.828778735,-6.56266776));
#2447=CARTESIAN_POINT('',(109.619314686,-148.828778735,-6.562697487));
#2448=CARTESIAN_POINT('',(109.619297272,-148.828778733,-6.562727215));
#2449=CARTESIAN_POINT('',(109.619279858,-148.828778729,-6.562756942));
#2450=CARTESIAN_POINT('',(109.343884223,-148.828720154,-7.032886699));
#2451=CARTESIAN_POINT('',(109.149165309,-148.455935409,-7.365292678));
#2452=CARTESIAN_POINT('',(109.149165125,-147.928779334,-7.365292991));
#2453=CARTESIAN_POINT('',(109.590811691,-147.928779307,-5.261355144));
#2454=CARTESIAN_POINT('',(109.590811454,-148.455986864,-5.261355381));
#2455=CARTESIAN_POINT('',(109.327207586,-148.828778735,-5.524959249));
#2456=CARTESIAN_POINT('',(108.954415588,-148.828778735,-5.897751247));
#2457=CARTESIAN_POINT('',(108.954392017,-148.828778735,-5.897774818));
#2458=CARTESIAN_POINT('',(108.954368446,-148.828778733,-5.897798389));
#2459=CARTESIAN_POINT('',(108.954344875,-148.828778729,-5.89782196));
#2460=CARTESIAN_POINT('',(108.58158218,-148.828720154,-6.270584655));
#2461=CARTESIAN_POINT('',(108.318019733,-148.455935409,-6.534147102));
#2462=CARTESIAN_POINT('',(108.318019485,-147.928779334,-6.53414735));
#2463=CARTESIAN_POINT('',(109.590797549,-147.928779307,-5.261341002));
#2464=CARTESIAN_POINT('',(109.590797312,-148.455986864,-5.261341239));
#2465=CARTESIAN_POINT('',(109.327191491,-148.828778735,-5.524943155));
#2466=CARTESIAN_POINT('',(108.954396731,-148.828778735,-5.897732391));
#2467=CARTESIAN_POINT('',(108.954373161,-148.828778735,-5.897755961));
#2468=CARTESIAN_POINT('',(108.95434959,-148.828778733,-5.897779532));
#2469=CARTESIAN_POINT('',(108.954326019,-148.828778729,-5.897803103));
#2470=CARTESIAN_POINT('',(108.581560562,-148.828720154,-6.270563037));
#2471=CARTESIAN_POINT('',(108.317996163,-148.455935409,-6.534123532));
#2472=CARTESIAN_POINT('',(108.317995914,-147.928779334,-6.53412378));
#2473=CARTESIAN_POINT('',(109.590783407,-147.928779307,-5.26132686));
#2474=CARTESIAN_POINT('',(109.59078317,-148.455986864,-5.261327097));
#2475=CARTESIAN_POINT('',(109.327175396,-148.828778735,-5.52492706));
#2476=CARTESIAN_POINT('',(108.954377875,-148.828778735,-5.897713535));
#2477=CARTESIAN_POINT('',(108.954354304,-148.828778735,-5.897737105));
#2478=CARTESIAN_POINT('',(108.954330733,-148.828778733,-5.897760675));
#2479=CARTESIAN_POINT('',(108.954307162,-148.828778729,-5.897784246));
#2480=CARTESIAN_POINT('',(108.581538944,-148.828720154,-6.270541419));
#2481=CARTESIAN_POINT('',(108.317972593,-148.455935409,-6.534099961));
#2482=CARTESIAN_POINT('',(108.317972344,-147.928779334,-6.534100209));
#2483=CARTESIAN_POINT('',(109.590769265,-147.928779307,-5.261312717));
#2484=CARTESIAN_POINT('',(109.590769028,-148.455986864,-5.261312954));
#2485=CARTESIAN_POINT('',(109.327159302,-148.828778735,-5.524910964));
#2486=CARTESIAN_POINT('',(108.95435902,-148.828778735,-5.897694678));
#2487=CARTESIAN_POINT('',(108.954335448,-148.828778735,-5.897718248));
#2488=CARTESIAN_POINT('',(108.954311877,-148.828778733,-5.897741818));
#2489=CARTESIAN_POINT('',(108.954288306,-148.828778729,-5.897765389));
#2490=CARTESIAN_POINT('',(108.581517326,-148.828720154,-6.270519801));
#2491=CARTESIAN_POINT('',(108.317949023,-148.455935409,-6.53407639));
#2492=CARTESIAN_POINT('',(108.317948774,-147.928779334,-6.534076639));
#2493=CARTESIAN_POINT('',(109.092106939,-147.928779307,-4.762628228));
#2494=CARTESIAN_POINT('',(109.09210664,-148.455986864,-4.762628403));
#2495=CARTESIAN_POINT('',(108.759646022,-148.828778735,-4.957372461));
#2496=CARTESIAN_POINT('',(108.289475918,-148.828778735,-5.232782025));
#2497=CARTESIAN_POINT('',(108.289446191,-148.828778735,-5.232799439));
#2498=CARTESIAN_POINT('',(108.289416463,-148.828778733,-5.232816852));
#2499=CARTESIAN_POINT('',(108.289386735,-148.828778729,-5.232834266));
#2500=CARTESIAN_POINT('',(107.819253588,-148.828720154,-5.508222183));
#2501=CARTESIAN_POINT('',(107.486845211,-148.455935409,-5.70293564));
#2502=CARTESIAN_POINT('',(107.486844898,-147.928779334,-5.702935823));
#2503=CARTESIAN_POINT('',(108.8,-147.928779307,-4.097727816));
#2504=CARTESIAN_POINT('',(108.799999665,-148.455986864,-4.097727908));
#2505=CARTESIAN_POINT('',(108.427207499,-148.828778735,-4.200668387));
#2506=CARTESIAN_POINT('',(107.9,-148.828778735,-4.346248143));
#2507=CARTESIAN_POINT('',(107.899966666,-148.828778735,-4.346257347));
#2508=CARTESIAN_POINT('',(107.899933332,-148.828778733,-4.346266552));
#2509=CARTESIAN_POINT('',(107.899899998,-148.828778729,-4.346275757));
#2510=CARTESIAN_POINT('',(107.372733938,-148.828720154,-4.49184407));
#2511=CARTESIAN_POINT('',(107.000000351,-148.455935409,-4.594768373));
#2512=CARTESIAN_POINT('',(107.,-147.928779334,-4.59476847));
#2513=CARTESIAN_POINT('',(108.8,-147.928779307,-3.352166835));
#2514=CARTESIAN_POINT('',(108.799999665,-148.455986864,-3.352166835));
#2515=CARTESIAN_POINT('',(108.427207499,-148.828778735,-3.352166835));
#2516=CARTESIAN_POINT('',(107.9,-148.828778735,-3.352166835));
#2517=CARTESIAN_POINT('',(107.899966666,-148.828778735,-3.352166835));
#2518=CARTESIAN_POINT('',(107.899933332,-148.828778733,-3.352166835));
#2519=CARTESIAN_POINT('',(107.899899998,-148.828778729,-3.352166835));
#2520=CARTESIAN_POINT('',(107.372733938,-148.828720154,-3.352166835));
#2521=CARTESIAN_POINT('',(107.000000351,-148.455935409,-3.352166835));
#2522=CARTESIAN_POINT('',(107.,-147.928779334,-3.352166835));
#2523=(BOUNDED_SURFACE()
B_SPLINE_SURFACE(3,3,((#2423,#2424,#2425,#2426,#2427,#2428,#2429,#2430,#2431,#2432),(#2433,#2434,#2435,#2436,#2437,#2438,#2439,#2440,#2441,#2442),(#2443,#2444,#2445,#2446,#2447,#2448,#2449,#2450,#2451,#2452),(#2453,#2454,#2455,#2456,#2457,#2458,#2459,#2460,#2461,#2462),(#2463,#2464,#2465,#2466,#2467,#2468,#2469,#2470,#2471,#2472),(#2473,#2474,#2475,#2476,#2477,#2478,#2479,#2480,#2481,#2482),(#2483,#2484,#2485,#2486,#2487,#2488,#2489,#2490,#2491,#2492),(#2493,#2494,#2495,#2496,#2497,#2498,#2499,#2500,#2501,#2502),(#2503,#2504,#2505,#2506,#2507,#2508,#2509,#2510,#2511,#2512),(#2513,#2514,#2515,#2516,#2517,#2518,#2519,#2520,#2521,#2522)),.UNSPECIFIED.,.F.,.F.,.U.)
B_SPLINE_SURFACE_WITH_KNOTS((4,3,3,4),(4,3,3,4),(270.,315.,315.001414214,360.),(180.000040464,270.,270.007071068,359.999957613),.UNSPECIFIED.)
GEOMETRIC_REPRESENTATION_ITEM()
RATIONAL_B_SPLINE_SURFACE(((0.853553166,0.686886724,0.686886799,0.853553391,0.853540296,0.853527202,0.85351411,0.686886803,0.686899818,0.853553155),(0.853553166,0.686886724,0.686886799,0.853553391,0.853540296,0.853527202,0.85351411,0.686886803,0.686899818,0.853553155),(0.902368689,0.726170434,0.726170513,0.902368927,0.902355084,0.902341241,0.9023274,0.726170518,0.726184277,0.902368678),(0.999999737,0.804737854,0.804737942,1.,0.999984659,0.999969319,0.99995398,0.804737947,0.804753195,0.999999724),(0.999996668,0.804735385,0.804735473,0.999996932,0.999981591,0.999966251,0.999950912,0.804735478,0.804750726,0.999996656),(0.9999936,0.804732916,0.804733004,0.999993864,0.999978522,0.999963182,0.999947844,0.804733009,0.804748257,0.999993588),(0.999990532,0.804730447,0.804730535,0.999990795,0.999975454,0.999960114,0.999944776,0.80473054,0.804745788,0.99999052),(0.902365621,0.726167965,0.726168044,0.902365859,0.902352015,0.902338173,0.902324332,0.726168049,0.726181808,0.90236561),(0.853553166,0.686886724,0.686886799,0.853553391,0.853540296,0.853527202,0.85351411,0.686886803,0.686899818,0.853553155),(0.853553166,0.686886724,0.686886799,0.853553391,0.853540296,0.853527202,0.85351411,0.686886803,0.686899818,0.853553155)))
REPRESENTATION_ITEM('')
SURFACE()
);
#2524=CARTESIAN_POINT('',(108.8,-147.928778735,-3.352166835));
#2525=VERTEX_POINT('',#2524);
#2526=CARTESIAN_POINT('',(107.,-147.928778735,-3.352166835));
#2527=CARTESIAN_POINT('',(107.,-148.455935058,-3.352166835));
#2528=CARTESIAN_POINT('',(107.372733629,-148.828720154,-3.352166835));
#2529=CARTESIAN_POINT('',(107.899899998,-148.828778729,-3.352166835));
#2530=CARTESIAN_POINT('',(107.899933332,-148.828778733,-3.352166835));
#2531=CARTESIAN_POINT('',(107.899966666,-148.828778735,-3.352166835));
#2532=CARTESIAN_POINT('',(107.9,-148.828778735,-3.352166835));
#2533=CARTESIAN_POINT('',(108.427207794,-148.828778735,-3.352166835));
#2534=CARTESIAN_POINT('',(108.8,-148.455986529,-3.352166835));
#2535=CARTESIAN_POINT('',(108.8,-147.928778735,-3.352166835));
#2536=(BOUNDED_CURVE()
B_SPLINE_CURVE(3,(#2526,#2527,#2528,#2529,#2530,#2531,#2532,#2533,#2534,#2535),.UNSPECIFIED.,.F.,.F.)
B_SPLINE_CURVE_WITH_KNOTS((4,3,3,4),(225.,314.992928932,315.,405.),.UNSPECIFIED.)
CURVE()
GEOMETRIC_REPRESENTATION_ITEM()
RATIONAL_B_SPLINE_CURVE((1.,0.804753195,0.804737855,0.99995398,0.999969319,0.999984659,1.,0.804737854,0.804737854,1.))
REPRESENTATION_ITEM(''));
#2537=EDGE_CURVE('',#1913,#2525,#2536,.T.);
#2538=ORIENTED_EDGE('',*,*,#2537,.F.);
#2539=ORIENTED_EDGE('',*,*,#1925,.T.);
#2540=ORIENTED_EDGE('',*,*,#2213,.T.);
#2541=CARTESIAN_POINT('',(108.8,-147.928778735,-3.352166835));
#2542=CARTESIAN_POINT('',(108.8,-147.928778735,-4.097712195));
#2543=CARTESIAN_POINT('',(109.092095361,-147.928778735,-4.762601873));
#2544=CARTESIAN_POINT('',(109.590740981,-147.928778735,-5.261284432));
#2545=CARTESIAN_POINT('',(109.59076455,-147.928778735,-5.261308003));
#2546=CARTESIAN_POINT('',(109.59078812,-147.928778735,-5.261331574));
#2547=CARTESIAN_POINT('',(109.590811691,-147.928778735,-5.261355144));
#2548=CARTESIAN_POINT('',(110.089499075,-147.928778735,-5.760042529));
#2549=CARTESIAN_POINT('',(110.754415588,-147.928778735,-6.052166835));
#2550=CARTESIAN_POINT('',(111.5,-147.928778735,-6.052166835));
#2551=(BOUNDED_CURVE()
B_SPLINE_CURVE(3,(#2541,#2542,#2543,#2544,#2545,#2546,#2547,#2548,#2549,#2550),.UNSPECIFIED.,.F.,.F.)
B_SPLINE_CURVE_WITH_KNOTS((4,3,3,4),(-45.,-0.002357023,-0.,45.),.UNSPECIFIED.)
CURVE()
GEOMETRIC_REPRESENTATION_ITEM()
RATIONAL_B_SPLINE_CURVE((0.853553391,0.853553391,0.902363813,0.999984659,0.999989773,0.999994886,1.,0.902368927,0.853553391,0.853553391))
REPRESENTATION_ITEM(''));
#2552=EDGE_CURVE('',#2525,#2201,#2551,.T.);
#2553=ORIENTED_EDGE('',*,*,#2552,.F.);
#2554=EDGE_LOOP('',(#2538,#2539,#2540,#2553));
#2555=FACE_BOUND('',#2554,.T.);
#2556=ADVANCED_FACE('SURF',(#2555),#2523,.T.);
#2557=CARTESIAN_POINT('',(127.05,-57.878778735,13.147833165));
#2558=DIRECTION('',(0.,-0.,1.));
#2559=DIRECTION('',(-0.707106781,-0.707106781,-0.));
#2560=AXIS2_PLACEMENT_3D('',#2557,#2558,#2559);
#2561=PLANE('',#2560);
#2562=CARTESIAN_POINT('',(133.096,-122.591,13.147833165));
#2563=VERTEX_POINT('',#2562);
#2564=CARTESIAN_POINT('',(133.096,-118.341,13.147833165));
#2565=DIRECTION('',(0.,-0.,1.));
#2566=DIRECTION('',(0.,-1.,-0.));
#2567=AXIS2_PLACEMENT_3D('',#2564,#2565,#2566);
#2568=CIRCLE('',#2567,4.25);
#2569=EDGE_CURVE('',#2563,#2563,#2568,.T.);
#2570=ORIENTED_EDGE('',*,*,#2569,.F.);
#2571=EDGE_LOOP('',(#2570));
#2572=FACE_BOUND('',#2571,.T.);
#2573=CARTESIAN_POINT('',(132.16,-101.358,13.147833165));
#2574=VERTEX_POINT('',#2573);
#2575=CARTESIAN_POINT('',(132.16,-96.408,13.147833165));
#2576=DIRECTION('',(0.,-0.,1.));
#2577=DIRECTION('',(0.,-1.,-0.));
#2578=AXIS2_PLACEMENT_3D('',#2575,#2576,#2577);
#2579=CIRCLE('',#2578,4.95);
#2580=EDGE_CURVE('',#2574,#2574,#2579,.T.);
#2581=ORIENTED_EDGE('',*,*,#2580,.F.);
#2582=EDGE_LOOP('',(#2581));
#2583=FACE_BOUND('',#2582,.T.);
#2584=CARTESIAN_POINT('',(111.5,-147.928778735,13.147833165));
#2585=VERTEX_POINT('',#2584);
#2586=CARTESIAN_POINT('',(142.6,-147.928778735,13.147833165));
#2587=DIRECTION('',(-1.,0.,0.));
#2588=VECTOR('',#2587,31.1);
#2589=LINE('',#2586,#2588);
#2590=EDGE_CURVE('',#2009,#2585,#2589,.T.);
#2591=ORIENTED_EDGE('',*,*,#2590,.F.);
#2592=ORIENTED_EDGE('',*,*,#2030,.T.);
#2593=ORIENTED_EDGE('',*,*,#1982,.T.);
#2594=CARTESIAN_POINT('',(111.5,-147.928778735,13.147833165));
#2595=DIRECTION('',(0.,1.,0.));
#2596=VECTOR('',#2595,74.5);
#2597=LINE('',#2594,#2596);
#2598=EDGE_CURVE('',#2585,#1963,#2597,.T.);
#2599=ORIENTED_EDGE('',*,*,#2598,.F.);
#2600=EDGE_LOOP('',(#2591,#2592,#2593,#2599));
#2601=FACE_BOUND('',#2600,.T.);
#2602=ADVANCED_FACE('SURF',(#2572,#2583,#2601),#2561,.T.);
#2603=CARTESIAN_POINT('',(142.600000003,-147.928779307,11.347833165));
#2604=CARTESIAN_POINT('',(142.600000003,-148.455986864,11.3478335));
#2605=CARTESIAN_POINT('',(142.600000003,-148.828778735,11.720625666));
#2606=CARTESIAN_POINT('',(142.600000004,-148.828778735,12.247833165));
#2607=CARTESIAN_POINT('',(142.600000004,-148.828778735,12.247866499));
#2608=CARTESIAN_POINT('',(142.600000004,-148.828778733,12.247899833));
#2609=CARTESIAN_POINT('',(142.600000004,-148.828778729,12.247933167));
#2610=CARTESIAN_POINT('',(142.600000004,-148.828720154,12.775099227));
#2611=CARTESIAN_POINT('',(142.600000005,-148.455935409,13.147832814));
#2612=CARTESIAN_POINT('',(142.600000005,-147.928779334,13.147833165));
#2613=CARTESIAN_POINT('',(143.345584414,-147.928779307,11.347833164));
#2614=CARTESIAN_POINT('',(143.345584507,-148.455986864,11.347833499));
#2615=CARTESIAN_POINT('',(143.448528221,-148.828778735,11.720625665));
#2616=CARTESIAN_POINT('',(143.594112552,-148.828778735,12.247833164));
#2617=CARTESIAN_POINT('',(143.594121757,-148.828778735,12.247866498));
#2618=CARTESIAN_POINT('',(143.594130962,-148.828778733,12.247899832));
#2619=CARTESIAN_POINT('',(143.594140167,-148.828778729,12.247933166));
#2620=CARTESIAN_POINT('',(143.739713055,-148.828720154,12.775099226));
#2621=CARTESIAN_POINT('',(143.842640593,-148.455935409,13.147832813));
#2622=CARTESIAN_POINT('',(143.84264069,-147.928779334,13.147833164));
#2623=CARTESIAN_POINT('',(144.010500926,-147.928779307,11.055708858));
#2624=CARTESIAN_POINT('',(144.010501101,-148.455986864,11.055709157));
#2625=CARTESIAN_POINT('',(144.205250617,-148.828778735,11.388167377));
#2626=CARTESIAN_POINT('',(144.480667901,-148.828778735,11.858334089));
#2627=CARTESIAN_POINT('',(144.480685315,-148.828778735,11.858363816));
#2628=CARTESIAN_POINT('',(144.480702729,-148.828778733,11.858393544));
#2629=CARTESIAN_POINT('',(144.480720143,-148.828778729,11.858423272));
#2630=CARTESIAN_POINT('',(144.756115778,-148.828720154,12.328553028));
#2631=CARTESIAN_POINT('',(144.950834692,-148.455935409,12.660959007));
#2632=CARTESIAN_POINT('',(144.950834876,-147.928779334,12.66095932));
#2633=CARTESIAN_POINT('',(144.509188309,-147.928779307,10.557021474));
#2634=CARTESIAN_POINT('',(144.509188546,-148.455986864,10.557021711));
#2635=CARTESIAN_POINT('',(144.772792414,-148.828778735,10.820625579));
#2636=CARTESIAN_POINT('',(145.145584412,-148.828778735,11.193417577));
#2637=CARTESIAN_POINT('',(145.145607983,-148.828778735,11.193441148));
#2638=CARTESIAN_POINT('',(145.145631554,-148.828778733,11.193464719));
#2639=CARTESIAN_POINT('',(145.145655125,-148.828778729,11.19348829));
#2640=CARTESIAN_POINT('',(145.51841782,-148.828720154,11.566250985));
#2641=CARTESIAN_POINT('',(145.781980267,-148.455935409,11.829813432));
#2642=CARTESIAN_POINT('',(145.781980515,-147.928779334,11.82981368));
#2643=CARTESIAN_POINT('',(144.509202451,-147.928779307,10.557007332));
#2644=CARTESIAN_POINT('',(144.509202688,-148.455986864,10.557007569));
#2645=CARTESIAN_POINT('',(144.772808509,-148.828778735,10.820609485));
#2646=CARTESIAN_POINT('',(145.145603269,-148.828778735,11.193398721));
#2647=CARTESIAN_POINT('',(145.145626839,-148.828778735,11.193422291));
#2648=CARTESIAN_POINT('',(145.14565041,-148.828778733,11.193445862));
#2649=CARTESIAN_POINT('',(145.145673981,-148.828778729,11.193469433));
#2650=CARTESIAN_POINT('',(145.518439438,-148.828720154,11.566229367));
#2651=CARTESIAN_POINT('',(145.782003837,-148.455935409,11.829789862));
#2652=CARTESIAN_POINT('',(145.782004086,-147.928779334,11.82979011));
#2653=CARTESIAN_POINT('',(144.509216593,-147.928779307,10.55699319));
#2654=CARTESIAN_POINT('',(144.50921683,-148.455986864,10.556993427));
#2655=CARTESIAN_POINT('',(144.772824604,-148.828778735,10.82059339));
#2656=CARTESIAN_POINT('',(145.145622125,-148.828778735,11.193379865));
#2657=CARTESIAN_POINT('',(145.145645696,-148.828778735,11.193403435));
#2658=CARTESIAN_POINT('',(145.145669267,-148.828778733,11.193427005));
#2659=CARTESIAN_POINT('',(145.145692838,-148.828778729,11.193450576));
#2660=CARTESIAN_POINT('',(145.518461056,-148.828720154,11.566207749));
#2661=CARTESIAN_POINT('',(145.782027407,-148.455935409,11.829766291));
#2662=CARTESIAN_POINT('',(145.782027656,-147.928779334,11.829766539));
#2663=CARTESIAN_POINT('',(144.509230735,-147.928779307,10.556979047));
#2664=CARTESIAN_POINT('',(144.509230972,-148.455986864,10.556979284));
#2665=CARTESIAN_POINT('',(144.772840698,-148.828778735,10.820577294));
#2666=CARTESIAN_POINT('',(145.14564098,-148.828778735,11.193361008));
#2667=CARTESIAN_POINT('',(145.145664552,-148.828778735,11.193384578));
#2668=CARTESIAN_POINT('',(145.145688123,-148.828778733,11.193408148));
#2669=CARTESIAN_POINT('',(145.145711694,-148.828778729,11.193431719));
#2670=CARTESIAN_POINT('',(145.518482674,-148.828720154,11.566186131));
#2671=CARTESIAN_POINT('',(145.782050977,-148.455935409,11.82974272));
#2672=CARTESIAN_POINT('',(145.782051226,-147.928779334,11.829742969));
#2673=CARTESIAN_POINT('',(145.007893061,-147.928779307,10.058294559));
#2674=CARTESIAN_POINT('',(145.007893359,-148.455986864,10.058294734));
#2675=CARTESIAN_POINT('',(145.340353977,-148.828778735,10.253038792));
#2676=CARTESIAN_POINT('',(145.810524081,-148.828778735,10.528448356));
#2677=CARTESIAN_POINT('',(145.810553808,-148.828778735,10.52846577));
#2678=CARTESIAN_POINT('',(145.810583536,-148.828778733,10.528483183));
#2679=CARTESIAN_POINT('',(145.810613264,-148.828778729,10.528500597));
#2680=CARTESIAN_POINT('',(146.280746411,-148.828720154,10.803888514));
#2681=CARTESIAN_POINT('',(146.613154788,-148.455935409,10.998601971));
#2682=CARTESIAN_POINT('',(146.613155101,-147.928779334,10.998602154));
#2683=CARTESIAN_POINT('',(145.299999999,-147.928779307,9.393394148));
#2684=CARTESIAN_POINT('',(145.300000334,-148.455986864,9.39339424));
#2685=CARTESIAN_POINT('',(145.6727925,-148.828778735,9.496334719));
#2686=CARTESIAN_POINT('',(146.199999999,-148.828778735,9.641914475));
#2687=CARTESIAN_POINT('',(146.200033333,-148.828778735,9.64192368));
#2688=CARTESIAN_POINT('',(146.200066667,-148.828778733,9.641932885));
#2689=CARTESIAN_POINT('',(146.200100001,-148.828778729,9.641942089));
#2690=CARTESIAN_POINT('',(146.727266061,-148.828720154,9.787510402));
#2691=CARTESIAN_POINT('',(147.099999648,-148.455935409,9.890434706));
#2692=CARTESIAN_POINT('',(147.099999999,-147.928779334,9.890434803));
#2693=CARTESIAN_POINT('',(145.3,-147.928779307,8.647833168));
#2694=CARTESIAN_POINT('',(145.300000335,-148.455986864,8.647833168));
#2695=CARTESIAN_POINT('',(145.672792501,-148.828778735,8.647833168));
#2696=CARTESIAN_POINT('',(146.2,-148.828778735,8.647833169));
#2697=CARTESIAN_POINT('',(146.200033334,-148.828778735,8.647833169));
#2698=CARTESIAN_POINT('',(146.200066668,-148.828778733,8.647833169));
#2699=CARTESIAN_POINT('',(146.200100002,-148.828778729,8.647833169));
#2700=CARTESIAN_POINT('',(146.727266062,-148.828720154,8.647833169));
#2701=CARTESIAN_POINT('',(147.099999649,-148.455935409,8.64783317));
#2702=CARTESIAN_POINT('',(147.1,-147.928779334,8.64783317));
#2703=(BOUNDED_SURFACE()
B_SPLINE_SURFACE(3,3,((#2603,#2604,#2605,#2606,#2607,#2608,#2609,#2610,#2611,#2612),(#2613,#2614,#2615,#2616,#2617,#2618,#2619,#2620,#2621,#2622),(#2623,#2624,#2625,#2626,#2627,#2628,#2629,#2630,#2631,#2632),(#2633,#2634,#2635,#2636,#2637,#2638,#2639,#2640,#2641,#2642),(#2643,#2644,#2645,#2646,#2647,#2648,#2649,#2650,#2651,#2652),(#2653,#2654,#2655,#2656,#2657,#2658,#2659,#2660,#2661,#2662),(#2663,#2664,#2665,#2666,#2667,#2668,#2669,#2670,#2671,#2672),(#2673,#2674,#2675,#2676,#2677,#2678,#2679,#2680,#2681,#2682),(#2683,#2684,#2685,#2686,#2687,#2688,#2689,#2690,#2691,#2692),(#2693,#2694,#2695,#2696,#2697,#2698,#2699,#2700,#2701,#2702)),.UNSPECIFIED.,.F.,.F.,.U.)
B_SPLINE_SURFACE_WITH_KNOTS((4,3,3,4),(4,3,3,4),(90.000000059,135.,135.001414214,179.999999941),(180.000040464,270.,270.007071068,359.999957613),.UNSPECIFIED.)
GEOMETRIC_REPRESENTATION_ITEM()
RATIONAL_B_SPLINE_SURFACE(((0.853553166,0.686886724,0.686886799,0.853553391,0.853540296,0.853527202,0.85351411,0.686886803,0.686899818,0.853553155),(0.853553166,0.686886724,0.686886799,0.853553391,0.853540296,0.853527203,0.85351411,0.686886804,0.686899819,0.853553155),(0.90236869,0.726170434,0.726170513,0.902368927,0.902355084,0.902341241,0.9023274,0.726170518,0.726184278,0.902368678),(0.999999737,0.804737854,0.804737942,1.,0.999984659,0.999969319,0.99995398,0.804737947,0.804753195,0.999999724),(0.999996668,0.804735385,0.804735473,0.999996932,0.999981591,0.999966251,0.999950912,0.804735478,0.804750726,0.999996656),(0.9999936,0.804732916,0.804733004,0.999993864,0.999978522,0.999963182,0.999947844,0.804733009,0.804748257,0.999993588),(0.999990532,0.804730447,0.804730535,0.999990795,0.999975454,0.999960114,0.999944776,0.80473054,0.804745788,0.99999052),(0.902365621,0.726167965,0.726168044,0.902365859,0.902352016,0.902338173,0.902324332,0.726168049,0.726181808,0.90236561),(0.853553166,0.686886724,0.686886799,0.853553391,0.853540296,0.853527203,0.85351411,0.686886804,0.686899819,0.853553155),(0.853553166,0.686886724,0.686886799,0.853553391,0.853540296,0.853527202,0.85351411,0.686886803,0.686899818,0.853553155)))
REPRESENTATION_ITEM('')
SURFACE()
);
#2704=CARTESIAN_POINT('',(142.6,-147.928778735,11.347833165));
#2705=VERTEX_POINT('',#2704);
#2706=CARTESIAN_POINT('',(142.6,-147.928778735,11.347833165));
#2707=CARTESIAN_POINT('',(142.6,-148.455986529,11.347833165));
#2708=CARTESIAN_POINT('',(142.6,-148.828778735,11.720625371));
#2709=CARTESIAN_POINT('',(142.6,-148.828778735,12.247833165));
#2710=CARTESIAN_POINT('',(142.6,-148.828778735,12.247866499));
#2711=CARTESIAN_POINT('',(142.6,-148.828778733,12.247899833));
#2712=CARTESIAN_POINT('',(142.6,-148.828778729,12.247933167));
#2713=CARTESIAN_POINT('',(142.6,-148.828720154,12.775099536));
#2714=CARTESIAN_POINT('',(142.6,-148.455935058,13.147833165));
#2715=CARTESIAN_POINT('',(142.6,-147.928778735,13.147833165));
#2716=(BOUNDED_CURVE()
B_SPLINE_CURVE(3,(#2706,#2707,#2708,#2709,#2710,#2711,#2712,#2713,#2714,#2715),.UNSPECIFIED.,.F.,.F.)
B_SPLINE_CURVE_WITH_KNOTS((4,3,3,4),(225.,315.,315.007071068,405.),.UNSPECIFIED.)
CURVE()
GEOMETRIC_REPRESENTATION_ITEM()
RATIONAL_B_SPLINE_CURVE((1.,0.804737854,0.804737854,1.,0.999984659,0.999969319,0.99995398,0.804737855,0.804753195,1.))
REPRESENTATION_ITEM(''));
#2717=EDGE_CURVE('',#2705,#2009,#2716,.T.);
#2718=ORIENTED_EDGE('',*,*,#2717,.F.);
#2719=CARTESIAN_POINT('',(145.3,-147.928778735,8.647833165));
#2720=CARTESIAN_POINT('',(145.3,-147.928778735,9.393378525));
#2721=CARTESIAN_POINT('',(145.007904639,-147.928778735,10.058268203));
#2722=CARTESIAN_POINT('',(144.509259019,-147.928778735,10.556950762));
#2723=CARTESIAN_POINT('',(144.50923545,-147.928778735,10.556974333));
#2724=CARTESIAN_POINT('',(144.50921188,-147.928778735,10.556997904));
#2725=CARTESIAN_POINT('',(144.509188309,-147.928778735,10.557021474));
#2726=CARTESIAN_POINT('',(144.010500925,-147.928778735,11.055708859));
#2727=CARTESIAN_POINT('',(143.345584412,-147.928778735,11.347833165));
#2728=CARTESIAN_POINT('',(142.6,-147.928778735,11.347833165));
#2729=(BOUNDED_CURVE()
B_SPLINE_CURVE(3,(#2719,#2720,#2721,#2722,#2723,#2724,#2725,#2726,#2727,#2728),.UNSPECIFIED.,.F.,.F.)
B_SPLINE_CURVE_WITH_KNOTS((4,3,3,4),(315.,359.997642977,360.,405.),.UNSPECIFIED.)
CURVE()
GEOMETRIC_REPRESENTATION_ITEM()
RATIONAL_B_SPLINE_CURVE((0.853553391,0.853553391,0.902363813,0.999984659,0.999989773,0.999994886,1.,0.902368927,0.853553391,0.853553391))
REPRESENTATION_ITEM(''));
#2730=EDGE_CURVE('',#2397,#2705,#2729,.T.);
#2731=ORIENTED_EDGE('',*,*,#2730,.F.);
#2732=ORIENTED_EDGE('',*,*,#2409,.T.);
#2733=ORIENTED_EDGE('',*,*,#2021,.T.);
#2734=EDGE_LOOP('',(#2718,#2731,#2732,#2733));
#2735=FACE_BOUND('',#2734,.T.);
#2736=ADVANCED_FACE('SURF',(#2735),#2703,.T.);
#2737=CARTESIAN_POINT('',(107.,-147.928778735,8.647833165));
#2738=CARTESIAN_POINT('',(107.,-73.428778735,8.647833165));
#2739=CARTESIAN_POINT('',(107.,-147.928778735,9.890473852));
#2740=CARTESIAN_POINT('',(107.,-73.428778735,9.890473852));
#2741=CARTESIAN_POINT('',(107.486873844,-147.928778735,10.99866804));
#2742=CARTESIAN_POINT('',(107.486873844,-73.428778735,10.99866804));
#2743=CARTESIAN_POINT('',(108.318019485,-147.928778735,11.82981368));
#2744=CARTESIAN_POINT('',(108.318019485,-73.428778735,11.82981368));
#2745=CARTESIAN_POINT('',(108.318043055,-147.928778735,11.829837251));
#2746=CARTESIAN_POINT('',(108.318043055,-73.428778735,11.829837251));
#2747=CARTESIAN_POINT('',(108.318066626,-147.928778735,11.829860821));
#2748=CARTESIAN_POINT('',(108.318066626,-73.428778735,11.829860821));
#2749=CARTESIAN_POINT('',(108.318090196,-147.928778735,11.829884391));
#2750=CARTESIAN_POINT('',(108.318090196,-73.428778735,11.829884391));
#2751=CARTESIAN_POINT('',(109.149231012,-147.928778735,12.660988267));
#2752=CARTESIAN_POINT('',(109.149231012,-73.428778735,12.660988267));
#2753=CARTESIAN_POINT('',(110.257398365,-147.928778735,13.147833165));
#2754=CARTESIAN_POINT('',(110.257398365,-73.428778735,13.147833165));
#2755=CARTESIAN_POINT('',(111.5,-147.928778735,13.147833165));
#2756=CARTESIAN_POINT('',(111.5,-73.428778735,13.147833165));
#2757=(BOUNDED_SURFACE()
B_SPLINE_SURFACE(3,1,((#2737,#2738),(#2739,#2740),(#2741,#2742),(#2743,#2744),(#2745,#2746),(#2747,#2748),(#2749,#2750),(#2751,#2752),(#2753,#2754),(#2755,#2756)),.UNSPECIFIED.,.F.,.F.,.U.)
B_SPLINE_SURFACE_WITH_KNOTS((4,3,3,4),(2,2),(315.,360.,360.001414214,405.),(-75.4,-0.9),.UNSPECIFIED.)
GEOMETRIC_REPRESENTATION_ITEM()
RATIONAL_B_SPLINE_SURFACE(((0.853553391,0.853553391),(0.853553391,0.853553391),(0.902368927,0.902368927),(1.,1.),(0.999996932,0.999996932),(0.999993864,0.999993864),(0.999990795,0.999990795),(0.902365859,0.902365859),(0.853553391,0.853553391),(0.853553391,0.853553391)))
REPRESENTATION_ITEM('')
SURFACE()
);
#2758=CARTESIAN_POINT('',(111.5,-147.928778735,13.147833165));
#2759=CARTESIAN_POINT('',(110.257398365,-147.928778735,13.147833165));
#2760=CARTESIAN_POINT('',(109.149231012,-147.928778735,12.660988267));
#2761=CARTESIAN_POINT('',(108.318090196,-147.928778735,11.829884391));
#2762=CARTESIAN_POINT('',(108.318066626,-147.928778735,11.829860821));
#2763=CARTESIAN_POINT('',(108.318043055,-147.928778735,11.829837251));
#2764=CARTESIAN_POINT('',(108.318019485,-147.928778735,11.82981368));
#2765=CARTESIAN_POINT('',(107.486873844,-147.928778735,10.99866804));
#2766=CARTESIAN_POINT('',(107.,-147.928778735,9.890473852));
#2767=CARTESIAN_POINT('',(107.,-147.928778735,8.647833165));
#2768=(BOUNDED_CURVE()
B_SPLINE_CURVE(3,(#2758,#2759,#2760,#2761,#2762,#2763,#2764,#2765,#2766,#2767),.UNSPECIFIED.,.F.,.F.)
B_SPLINE_CURVE_WITH_KNOTS((4,3,3,4),(-0.,44.998585786,45.,90.),.UNSPECIFIED.)
CURVE()
GEOMETRIC_REPRESENTATION_ITEM()
RATIONAL_B_SPLINE_CURVE((0.853553391,0.853553391,0.902365859,0.999990795,0.999993864,0.999996932,1.,0.902368927,0.853553391,0.853553391))
REPRESENTATION_ITEM(''));
#2769=EDGE_CURVE('',#2585,#2161,#2768,.T.);
#2770=ORIENTED_EDGE('',*,*,#2769,.F.);
#2771=ORIENTED_EDGE('',*,*,#2598,.T.);
#2772=ORIENTED_EDGE('',*,*,#2148,.T.);
#2773=ORIENTED_EDGE('',*,*,#2172,.T.);
#2774=EDGE_LOOP('',(#2770,#2771,#2772,#2773));
#2775=FACE_BOUND('',#2774,.T.);
#2776=ADVANCED_FACE('SURF',(#2775),#2757,.T.);
#2777=CARTESIAN_POINT('',(108.8,-147.928779559,8.647833165));
#2778=CARTESIAN_POINT('',(108.8,-147.928779559,-3.352166835));
#2779=CARTESIAN_POINT('',(108.799999517,-148.455987011,8.647833165));
#2780=CARTESIAN_POINT('',(108.799999517,-148.455987011,-3.352166835));
#2781=CARTESIAN_POINT('',(108.42720737,-148.828778735,8.647833165));
#2782=CARTESIAN_POINT('',(108.42720737,-148.828778735,-3.352166835));
#2783=CARTESIAN_POINT('',(107.9,-148.828778735,8.647833165));
#2784=CARTESIAN_POINT('',(107.9,-148.828778735,-3.352166835));
#2785=CARTESIAN_POINT('',(107.899966666,-148.828778735,8.647833165));
#2786=CARTESIAN_POINT('',(107.899966666,-148.828778735,-3.352166835));
#2787=CARTESIAN_POINT('',(107.899933332,-148.828778733,8.647833165));
#2788=CARTESIAN_POINT('',(107.899933332,-148.828778733,-3.352166835));
#2789=CARTESIAN_POINT('',(107.899899998,-148.828778729,8.647833165));
#2790=CARTESIAN_POINT('',(107.899899998,-148.828778729,-3.352166835));
#2791=CARTESIAN_POINT('',(107.372733929,-148.828720154,8.647833165));
#2792=CARTESIAN_POINT('',(107.372733929,-148.828720154,-3.352166835));
#2793=CARTESIAN_POINT('',(107.000000341,-148.455935399,8.647833165));
#2794=CARTESIAN_POINT('',(107.000000341,-148.455935399,-3.352166835));
#2795=CARTESIAN_POINT('',(107.,-147.928779317,8.647833165));
#2796=CARTESIAN_POINT('',(107.,-147.928779317,-3.352166835));
#2797=(BOUNDED_SURFACE()
B_SPLINE_SURFACE(3,1,((#2777,#2778),(#2779,#2780),(#2781,#2782),(#2783,#2784),(#2785,#2786),(#2787,#2788),(#2789,#2790),(#2791,#2792),(#2793,#2794),(#2795,#2796)),.UNSPECIFIED.,.F.,.F.,.U.)
B_SPLINE_SURFACE_WITH_KNOTS((4,3,3,4),(2,2),(225.000058249,315.,315.007071068,404.999958819),(-9.,3.),.UNSPECIFIED.)
GEOMETRIC_REPRESENTATION_ITEM()
RATIONAL_B_SPLINE_SURFACE(((0.999999621,0.999999621),(0.804737854,0.804737854),(0.804737981,0.804737981),(1.,1.),(0.999984659,0.999984659),(0.999969319,0.999969319),(0.99995398,0.99995398),(0.804737945,0.804737945),(0.804753195,0.804753195),(0.999999732,0.999999732)))
REPRESENTATION_ITEM('')
SURFACE()
);
#2798=CARTESIAN_POINT('',(108.8,-147.928778735,8.647833165));
#2799=VERTEX_POINT('',#2798);
#2800=CARTESIAN_POINT('',(107.,-147.928778735,8.647833165));
#2801=CARTESIAN_POINT('',(107.,-148.455935058,8.647833165));
#2802=CARTESIAN_POINT('',(107.372733629,-148.828720154,8.647833165));
#2803=CARTESIAN_POINT('',(107.899899998,-148.828778729,8.647833165));
#2804=CARTESIAN_POINT('',(107.899933332,-148.828778733,8.647833165));
#2805=CARTESIAN_POINT('',(107.899966666,-148.828778735,8.647833165));
#2806=CARTESIAN_POINT('',(107.9,-148.828778735,8.647833165));
#2807=CARTESIAN_POINT('',(108.427207794,-148.828778735,8.647833165));
#2808=CARTESIAN_POINT('',(108.8,-148.455986529,8.647833165));
#2809=CARTESIAN_POINT('',(108.8,-147.928778735,8.647833165));
#2810=(BOUNDED_CURVE()
B_SPLINE_CURVE(3,(#2800,#2801,#2802,#2803,#2804,#2805,#2806,#2807,#2808,#2809),.UNSPECIFIED.,.F.,.F.)
B_SPLINE_CURVE_WITH_KNOTS((4,3,3,4),(180.,269.992928932,270.,360.),.UNSPECIFIED.)
CURVE()
GEOMETRIC_REPRESENTATION_ITEM()
RATIONAL_B_SPLINE_CURVE((0.853553391,0.686899818,0.686886725,0.85351411,0.853527202,0.853540296,0.853553391,0.686886724,0.686886724,0.853553391))
REPRESENTATION_ITEM(''));
#2811=EDGE_CURVE('',#2161,#2799,#2810,.T.);
#2812=ORIENTED_EDGE('',*,*,#2811,.F.);
#2813=ORIENTED_EDGE('',*,*,#2166,.T.);
#2814=ORIENTED_EDGE('',*,*,#2537,.T.);
#2815=CARTESIAN_POINT('',(108.8,-147.928778735,8.647833165));
#2816=CARTESIAN_POINT('',(108.8,-147.928778735,4.647833165));
#2817=CARTESIAN_POINT('',(108.8,-147.928778735,0.647833165));
#2818=CARTESIAN_POINT('',(108.8,-147.928778735,-3.352166835));
#2819=B_SPLINE_CURVE_WITH_KNOTS('',3,(#2815,#2816,#2817,#2818),.UNSPECIFIED.,.F.,.F.,(4,4),(0.,12.),.UNSPECIFIED.);
#2820=EDGE_CURVE('',#2799,#2525,#2819,.T.);
#2821=ORIENTED_EDGE('',*,*,#2820,.F.);
#2822=EDGE_LOOP('',(#2812,#2813,#2814,#2821));
#2823=FACE_BOUND('',#2822,.T.);
#2824=ADVANCED_FACE('SURF',(#2823),#2797,.T.);
#2825=CARTESIAN_POINT('',(127.05,-59.778778735,-6.052166835));
#2826=DIRECTION('',(0.,-0.,1.));
#2827=DIRECTION('',(-0.707106781,-0.707106781,-0.));
#2828=AXIS2_PLACEMENT_3D('',#2825,#2826,#2827);
#2829=PLANE('',#2828);
#2830=CARTESIAN_POINT('',(122.6,-100.6,-6.052166835));
#2831=VERTEX_POINT('',#2830);
#2832=CARTESIAN_POINT('',(122.6,-120.6,-6.052166835));
#2833=VERTEX_POINT('',#2832);
#2834=CARTESIAN_POINT('',(122.6,-110.6,-6.052166835));
#2835=DIRECTION('',(0.,-0.,1.));
#2836=DIRECTION('',(0.,-1.,-0.));
#2837=AXIS2_PLACEMENT_3D('',#2834,#2835,#2836);
#2838=CIRCLE('',#2837,10.);
#2839=EDGE_CURVE('',#2831,#2833,#2838,.T.);
#2840=ORIENTED_EDGE('',*,*,#2839,.F.);
#2841=CARTESIAN_POINT('',(122.6,-110.6,-6.052166835));
#2842=DIRECTION('',(0.,-0.,1.));
#2843=DIRECTION('',(0.,-1.,-0.));
#2844=AXIS2_PLACEMENT_3D('',#2841,#2842,#2843);
#2845=CIRCLE('',#2844,10.);
#2846=EDGE_CURVE('',#2833,#2831,#2845,.T.);
#2847=ORIENTED_EDGE('',*,*,#2846,.F.);
#2848=EDGE_LOOP('',(#2840,#2847));
#2849=FACE_BOUND('',#2848,.T.);
#2850=CARTESIAN_POINT('',(138.65,-98.5,-6.052166835));
#2851=VERTEX_POINT('',#2850);
#2852=CARTESIAN_POINT('',(138.65,-102.,-6.052166835));
#2853=VERTEX_POINT('',#2852);
#2854=CARTESIAN_POINT('',(138.65,-100.25,-6.052166835));
#2855=DIRECTION('',(0.,-0.,1.));
#2856=DIRECTION('',(0.,-1.,-0.));
#2857=AXIS2_PLACEMENT_3D('',#2854,#2855,#2856);
#2858=CIRCLE('',#2857,1.75);
#2859=EDGE_CURVE('',#2851,#2853,#2858,.T.);
#2860=ORIENTED_EDGE('',*,*,#2859,.F.);
#2861=CARTESIAN_POINT('',(138.65,-100.25,-6.052166835));
#2862=DIRECTION('',(0.,-0.,1.));
#2863=DIRECTION('',(0.,-1.,-0.));
#2864=AXIS2_PLACEMENT_3D('',#2861,#2862,#2863);
#2865=CIRCLE('',#2864,1.75);
#2866=EDGE_CURVE('',#2853,#2851,#2865,.T.);
#2867=ORIENTED_EDGE('',*,*,#2866,.F.);
#2868=EDGE_LOOP('',(#2860,#2867));
#2869=FACE_BOUND('',#2868,.T.);
#2870=ORIENTED_EDGE('',*,*,#2236,.T.);
#2871=CARTESIAN_POINT('',(142.6,-75.328778735,-6.052166835));
#2872=VERTEX_POINT('',#2871);
#2873=CARTESIAN_POINT('',(142.6,-75.328778735,-6.052166835));
#2874=DIRECTION('',(-0.,-1.,-0.));
#2875=VECTOR('',#2874,72.6);
#2876=LINE('',#2873,#2875);
#2877=EDGE_CURVE('',#2872,#2217,#2876,.T.);
#2878=ORIENTED_EDGE('',*,*,#2877,.F.);
#2879=CARTESIAN_POINT('',(111.5,-75.328778735,-6.052166835));
#2880=VERTEX_POINT('',#2879);
#2881=CARTESIAN_POINT('',(111.5,-75.328778735,-6.052166835));
#2882=CARTESIAN_POINT('',(142.6,-75.328778735,-6.052166835));
#2883=B_SPLINE_CURVE_WITH_KNOTS('',1,(#2881,#2882),.UNSPECIFIED.,.F.,.F.,(2,2),(0.,1.),.UNSPECIFIED.);
#2884=EDGE_CURVE('',#2880,#2872,#2883,.T.);
#2885=ORIENTED_EDGE('',*,*,#2884,.F.);
#2886=CARTESIAN_POINT('',(111.5,-147.928778735,-6.052166835));
#2887=DIRECTION('',(0.,1.,0.));
#2888=VECTOR('',#2887,72.6);
#2889=LINE('',#2886,#2888);
#2890=EDGE_CURVE('',#2201,#2880,#2889,.T.);
#2891=ORIENTED_EDGE('',*,*,#2890,.F.);
#2892=EDGE_LOOP('',(#2870,#2878,#2885,#2891));
#2893=FACE_BOUND('',#2892,.T.);
#2894=ADVANCED_FACE('SURF',(#2849,#2869,#2893),#2829,.T.);
#2895=CARTESIAN_POINT('',(145.3,-147.928778735,-3.352166835));
#2896=CARTESIAN_POINT('',(145.3,-147.928778735,-4.097751247));
#2897=CARTESIAN_POINT('',(145.007875694,-147.928778735,-4.76266776));
#2898=CARTESIAN_POINT('',(144.509188309,-147.928778735,-5.261355144));
#2899=CARTESIAN_POINT('',(144.509164739,-147.928778735,-5.261378715));
#2900=CARTESIAN_POINT('',(144.509141168,-147.928778735,-5.261402284));
#2901=CARTESIAN_POINT('',(144.509117597,-147.928778735,-5.261425854));
#2902=CARTESIAN_POINT('',(144.010435038,-147.928778735,-5.760071474));
#2903=CARTESIAN_POINT('',(143.34554536,-147.928778735,-6.052166835));
#2904=CARTESIAN_POINT('',(142.6,-147.928778735,-6.052166835));
#2905=CARTESIAN_POINT('',(145.3,-75.328778735,-3.352166835));
#2906=CARTESIAN_POINT('',(145.3,-75.328778735,-4.097751247));
#2907=CARTESIAN_POINT('',(145.007875694,-75.328778735,-4.76266776));
#2908=CARTESIAN_POINT('',(144.509188309,-75.328778735,-5.261355144));
#2909=CARTESIAN_POINT('',(144.509164739,-75.328778735,-5.261378715));
#2910=CARTESIAN_POINT('',(144.509141168,-75.328778735,-5.261402284));
#2911=CARTESIAN_POINT('',(144.509117597,-75.328778735,-5.261425854));
#2912=CARTESIAN_POINT('',(144.010435038,-75.328778735,-5.760071474));
#2913=CARTESIAN_POINT('',(143.34554536,-75.328778735,-6.052166835));
#2914=CARTESIAN_POINT('',(142.6,-75.328778735,-6.052166835));
#2915=(BOUNDED_SURFACE()
B_SPLINE_SURFACE(1,3,((#2895,#2896,#2897,#2898,#2899,#2900,#2901,#2902,#2903,#2904),(#2905,#2906,#2907,#2908,#2909,#2910,#2911,#2912,#2913,#2914)),.UNSPECIFIED.,.F.,.F.,.U.)
B_SPLINE_SURFACE_WITH_KNOTS((2,2),(4,3,3,4),(-75.4,-2.8),(-45.,0.,0.002357023,45.),.UNSPECIFIED.)
GEOMETRIC_REPRESENTATION_ITEM()
RATIONAL_B_SPLINE_SURFACE(((0.853553391,0.853553391,0.902368927,1.,0.999994886,0.999989773,0.999984659,0.902363813,0.853553391,0.853553391),(0.853553391,0.853553391,0.902368927,1.,0.999994886,0.999989773,0.999984659,0.902363813,0.853553391,0.853553391)))
REPRESENTATION_ITEM('')
SURFACE()
);
#2916=ORIENTED_EDGE('',*,*,#2370,.T.);
#2917=CARTESIAN_POINT('',(145.3,-75.328778735,-3.352166835));
#2918=VERTEX_POINT('',#2917);
#2919=CARTESIAN_POINT('',(145.3,-75.328778735,-3.352166835));
#2920=CARTESIAN_POINT('',(145.3,-99.528778735,-3.352166835));
#2921=CARTESIAN_POINT('',(145.3,-123.728778735,-3.352166835));
#2922=CARTESIAN_POINT('',(145.3,-147.928778735,-3.352166835));
#2923=B_SPLINE_CURVE_WITH_KNOTS('',3,(#2919,#2920,#2921,#2922),.UNSPECIFIED.,.F.,.F.,(4,4),(0.,72.6),.UNSPECIFIED.);
#2924=EDGE_CURVE('',#2918,#2345,#2923,.T.);
#2925=ORIENTED_EDGE('',*,*,#2924,.F.);
#2926=CARTESIAN_POINT('',(142.6,-75.328778735,-6.052166835));
#2927=CARTESIAN_POINT('',(143.34554536,-75.328778735,-6.052166835));
#2928=CARTESIAN_POINT('',(144.010435038,-75.328778735,-5.760071474));
#2929=CARTESIAN_POINT('',(144.509117597,-75.328778735,-5.261425854));
#2930=CARTESIAN_POINT('',(144.509141168,-75.328778735,-5.261402284));
#2931=CARTESIAN_POINT('',(144.509164739,-75.328778735,-5.261378715));
#2932=CARTESIAN_POINT('',(144.509188309,-75.328778735,-5.261355144));
#2933=CARTESIAN_POINT('',(145.007875694,-75.328778735,-4.76266776));
#2934=CARTESIAN_POINT('',(145.3,-75.328778735,-4.097751247));
#2935=CARTESIAN_POINT('',(145.3,-75.328778735,-3.352166835));
#2936=(BOUNDED_CURVE()
B_SPLINE_CURVE(3,(#2926,#2927,#2928,#2929,#2930,#2931,#2932,#2933,#2934,#2935),.UNSPECIFIED.,.F.,.F.)
B_SPLINE_CURVE_WITH_KNOTS((4,3,3,4),(-45.,-0.002357023,0.,45.),.UNSPECIFIED.)
CURVE()
GEOMETRIC_REPRESENTATION_ITEM()
RATIONAL_B_SPLINE_CURVE((0.853553391,0.853553391,0.902363813,0.999984659,0.999989773,0.999994886,1.,0.902368927,0.853553391,0.853553391))
REPRESENTATION_ITEM(''));
#2937=EDGE_CURVE('',#2872,#2918,#2936,.T.);
#2938=ORIENTED_EDGE('',*,*,#2937,.F.);
#2939=ORIENTED_EDGE('',*,*,#2877,.T.);
#2940=EDGE_LOOP('',(#2916,#2925,#2938,#2939));
#2941=FACE_BOUND('',#2940,.T.);
#2942=ADVANCED_FACE('SURF',(#2941),#2915,.T.);
#2943=CARTESIAN_POINT('',(145.3,-69.328778735,2.647833165));
#2944=DIRECTION('',(-1.,0.,0.));
#2945=DIRECTION('',(-0.,-0.707106781,-0.707106781));
#2946=AXIS2_PLACEMENT_3D('',#2943,#2944,#2945);
#2947=PLANE('',#2946);
#2948=ORIENTED_EDGE('',*,*,#2416,.T.);
#2949=CARTESIAN_POINT('',(145.3,-75.328778735,8.647833165));
#2950=VERTEX_POINT('',#2949);
#2951=CARTESIAN_POINT('',(145.3,-75.328778735,8.647833165));
#2952=DIRECTION('',(-0.,-1.,-0.));
#2953=VECTOR('',#2952,72.6);
#2954=LINE('',#2951,#2953);
#2955=EDGE_CURVE('',#2950,#2397,#2954,.T.);
#2956=ORIENTED_EDGE('',*,*,#2955,.F.);
#2957=CARTESIAN_POINT('',(145.3,-75.328778735,-3.352166835));
#2958=CARTESIAN_POINT('',(145.3,-75.328778735,8.647833165));
#2959=B_SPLINE_CURVE_WITH_KNOTS('',1,(#2957,#2958),.UNSPECIFIED.,.F.,.F.,(2,2),(0.,1.),.UNSPECIFIED.);
#2960=EDGE_CURVE('',#2918,#2950,#2959,.T.);
#2961=ORIENTED_EDGE('',*,*,#2960,.F.);
#2962=ORIENTED_EDGE('',*,*,#2924,.T.);
#2963=EDGE_LOOP('',(#2948,#2956,#2961,#2962));
#2964=FACE_BOUND('',#2963,.T.);
#2965=ADVANCED_FACE('SURF',(#2964),#2947,.T.);
#2966=CARTESIAN_POINT('',(111.5,-147.928778735,-6.052166835));
#2967=CARTESIAN_POINT('',(110.754415588,-147.928778735,-6.052166835));
#2968=CARTESIAN_POINT('',(110.089499075,-147.928778735,-5.760042529));
#2969=CARTESIAN_POINT('',(109.590811691,-147.928778735,-5.261355144));
#2970=CARTESIAN_POINT('',(109.59078812,-147.928778735,-5.261331574));
#2971=CARTESIAN_POINT('',(109.59076455,-147.928778735,-5.261308003));
#2972=CARTESIAN_POINT('',(109.590740981,-147.928778735,-5.261284432));
#2973=CARTESIAN_POINT('',(109.092095361,-147.928778735,-4.762601873));
#2974=CARTESIAN_POINT('',(108.8,-147.928778735,-4.097712195));
#2975=CARTESIAN_POINT('',(108.8,-147.928778735,-3.352166835));
#2976=CARTESIAN_POINT('',(111.5,-75.328778735,-6.052166835));
#2977=CARTESIAN_POINT('',(110.754415588,-75.328778735,-6.052166835));
#2978=CARTESIAN_POINT('',(110.089499075,-75.328778735,-5.760042529));
#2979=CARTESIAN_POINT('',(109.590811691,-75.328778735,-5.261355144));
#2980=CARTESIAN_POINT('',(109.59078812,-75.328778735,-5.261331574));
#2981=CARTESIAN_POINT('',(109.59076455,-75.328778735,-5.261308003));
#2982=CARTESIAN_POINT('',(109.590740981,-75.328778735,-5.261284432));
#2983=CARTESIAN_POINT('',(109.092095361,-75.328778735,-4.762601873));
#2984=CARTESIAN_POINT('',(108.8,-75.328778735,-4.097712195));
#2985=CARTESIAN_POINT('',(108.8,-75.328778735,-3.352166835));
#2986=(BOUNDED_SURFACE()
B_SPLINE_SURFACE(1,3,((#2966,#2967,#2968,#2969,#2970,#2971,#2972,#2973,#2974,#2975),(#2976,#2977,#2978,#2979,#2980,#2981,#2982,#2983,#2984,#2985)),.UNSPECIFIED.,.F.,.F.,.U.)
B_SPLINE_SURFACE_WITH_KNOTS((2,2),(4,3,3,4),(-75.4,-2.8),(-45.,0.,0.002357023,45.),.UNSPECIFIED.)
GEOMETRIC_REPRESENTATION_ITEM()
RATIONAL_B_SPLINE_SURFACE(((0.853553391,0.853553391,0.902368927,1.,0.999994886,0.999989773,0.999984659,0.902363813,0.853553391,0.853553391),(0.853553391,0.853553391,0.902368927,1.,0.999994886,0.999989773,0.999984659,0.902363813,0.853553391,0.853553391)))
REPRESENTATION_ITEM('')
SURFACE()
);
#2987=ORIENTED_EDGE('',*,*,#2552,.T.);
#2988=ORIENTED_EDGE('',*,*,#2890,.T.);
#2989=CARTESIAN_POINT('',(108.8,-75.328778735,-3.352166835));
#2990=VERTEX_POINT('',#2989);
#2991=CARTESIAN_POINT('',(108.8,-75.328778735,-3.352166835));
#2992=CARTESIAN_POINT('',(108.8,-75.328778735,-4.097712195));
#2993=CARTESIAN_POINT('',(109.092095361,-75.328778735,-4.762601873));
#2994=CARTESIAN_POINT('',(109.590740981,-75.328778735,-5.261284432));
#2995=CARTESIAN_POINT('',(109.59076455,-75.328778735,-5.261308003));
#2996=CARTESIAN_POINT('',(109.59078812,-75.328778735,-5.261331574));
#2997=CARTESIAN_POINT('',(109.590811691,-75.328778735,-5.261355144));
#2998=CARTESIAN_POINT('',(110.089499075,-75.328778735,-5.760042529));
#2999=CARTESIAN_POINT('',(110.754415588,-75.328778735,-6.052166835));
#3000=CARTESIAN_POINT('',(111.5,-75.328778735,-6.052166835));
#3001=(BOUNDED_CURVE()
B_SPLINE_CURVE(3,(#2991,#2992,#2993,#2994,#2995,#2996,#2997,#2998,#2999,#3000),.UNSPECIFIED.,.F.,.F.)
B_SPLINE_CURVE_WITH_KNOTS((4,3,3,4),(-45.,-0.002357023,-0.,45.),.UNSPECIFIED.)
CURVE()
GEOMETRIC_REPRESENTATION_ITEM()
RATIONAL_B_SPLINE_CURVE((0.853553391,0.853553391,0.902363813,0.999984659,0.999989773,0.999994886,1.,0.902368927,0.853553391,0.853553391))
REPRESENTATION_ITEM(''));
#3002=EDGE_CURVE('',#2990,#2880,#3001,.T.);
#3003=ORIENTED_EDGE('',*,*,#3002,.F.);
#3004=CARTESIAN_POINT('',(108.8,-147.928778735,-3.352166835));
#3005=CARTESIAN_POINT('',(108.8,-123.728778735,-3.352166835));
#3006=CARTESIAN_POINT('',(108.8,-99.528778735,-3.352166835));
#3007=CARTESIAN_POINT('',(108.8,-75.328778735,-3.352166835));
#3008=B_SPLINE_CURVE_WITH_KNOTS('',3,(#3004,#3005,#3006,#3007),.UNSPECIFIED.,.F.,.F.,(4,4),(0.,72.6),.UNSPECIFIED.);
#3009=EDGE_CURVE('',#2525,#2990,#3008,.T.);
#3010=ORIENTED_EDGE('',*,*,#3009,.F.);
#3011=EDGE_LOOP('',(#2987,#2988,#3003,#3010));
#3012=FACE_BOUND('',#3011,.T.);
#3013=ADVANCED_FACE('SURF',(#3012),#2986,.T.);
#3014=CARTESIAN_POINT('',(142.6,-147.928779317,11.347833165));
#3015=CARTESIAN_POINT('',(111.5,-147.928779317,11.347833165));
#3016=CARTESIAN_POINT('',(142.6,-148.45598687,11.347833506));
#3017=CARTESIAN_POINT('',(111.5,-148.45598687,11.347833506));
#3018=CARTESIAN_POINT('',(142.6,-148.828778735,11.720625671));
#3019=CARTESIAN_POINT('',(111.5,-148.828778735,11.720625671));
#3020=CARTESIAN_POINT('',(142.6,-148.828778735,12.247833165));
#3021=CARTESIAN_POINT('',(111.5,-148.828778735,12.247833165));
#3022=CARTESIAN_POINT('',(142.6,-148.828778735,12.247866499));
#3023=CARTESIAN_POINT('',(111.5,-148.828778735,12.247866499));
#3024=CARTESIAN_POINT('',(142.6,-148.828778733,12.247899833));
#3025=CARTESIAN_POINT('',(111.5,-148.828778733,12.247899833));
#3026=CARTESIAN_POINT('',(142.6,-148.828778729,12.247933167));
#3027=CARTESIAN_POINT('',(111.5,-148.828778729,12.247933167));
#3028=CARTESIAN_POINT('',(142.6,-148.828720154,12.775099236));
#3029=CARTESIAN_POINT('',(111.5,-148.828720154,12.775099236));
#3030=CARTESIAN_POINT('',(142.6,-148.455935399,13.147832824));
#3031=CARTESIAN_POINT('',(111.5,-148.455935399,13.147832824));
#3032=CARTESIAN_POINT('',(142.6,-147.928779317,13.147833165));
#3033=CARTESIAN_POINT('',(111.5,-147.928779317,13.147833165));
#3034=(BOUNDED_SURFACE()
B_SPLINE_SURFACE(3,1,((#3014,#3015),(#3016,#3017),(#3018,#3019),(#3020,#3021),(#3022,#3023),(#3024,#3025),(#3026,#3027),(#3028,#3029),(#3030,#3031),(#3032,#3033)),.UNSPECIFIED.,.F.,.F.,.U.)
B_SPLINE_SURFACE_WITH_KNOTS((4,3,3,4),(2,2),(225.000041188,315.,315.007071068,404.999958819),(-23.325,7.775),.UNSPECIFIED.)
GEOMETRIC_REPRESENTATION_ITEM()
RATIONAL_B_SPLINE_SURFACE(((0.999999732,0.999999732),(0.804737854,0.804737854),(0.804737943,0.804737943),(1.,1.),(0.999984659,0.999984659),(0.999969319,0.999969319),(0.99995398,0.99995398),(0.804737945,0.804737945),(0.804753195,0.804753195),(0.999999732,0.999999732)))
REPRESENTATION_ITEM('')
SURFACE()
);
#3035=CARTESIAN_POINT('',(111.5,-147.928778735,11.347833165));
#3036=VERTEX_POINT('',#3035);
#3037=CARTESIAN_POINT('',(111.5,-147.928778735,11.347833165));
#3038=CARTESIAN_POINT('',(111.5,-148.455986529,11.347833165));
#3039=CARTESIAN_POINT('',(111.5,-148.828778735,11.720625371));
#3040=CARTESIAN_POINT('',(111.5,-148.828778735,12.247833165));
#3041=CARTESIAN_POINT('',(111.5,-148.828778735,12.247866499));
#3042=CARTESIAN_POINT('',(111.5,-148.828778733,12.247899833));
#3043=CARTESIAN_POINT('',(111.5,-148.828778729,12.247933167));
#3044=CARTESIAN_POINT('',(111.5,-148.828720154,12.775099536));
#3045=CARTESIAN_POINT('',(111.5,-148.455935058,13.147833165));
#3046=CARTESIAN_POINT('',(111.5,-147.928778735,13.147833165));
#3047=(BOUNDED_CURVE()
B_SPLINE_CURVE(3,(#3037,#3038,#3039,#3040,#3041,#3042,#3043,#3044,#3045,#3046),.UNSPECIFIED.,.F.,.F.)
B_SPLINE_CURVE_WITH_KNOTS((4,3,3,4),(180.,270.,270.007071068,360.),.UNSPECIFIED.)
CURVE()
GEOMETRIC_REPRESENTATION_ITEM()
RATIONAL_B_SPLINE_CURVE((0.853553391,0.686886724,0.686886724,0.853553391,0.853540296,0.853527202,0.85351411,0.686886725,0.686899818,0.853553391))
REPRESENTATION_ITEM(''));
#3048=EDGE_CURVE('',#3036,#2585,#3047,.T.);
#3049=ORIENTED_EDGE('',*,*,#3048,.F.);
#3050=CARTESIAN_POINT('',(142.6,-147.928778735,11.347833165));
#3051=CARTESIAN_POINT('',(132.233333333,-147.928778735,11.347833165));
#3052=CARTESIAN_POINT('',(121.866666667,-147.928778735,11.347833165));
#3053=CARTESIAN_POINT('',(111.5,-147.928778735,11.347833165));
#3054=B_SPLINE_CURVE_WITH_KNOTS('',3,(#3050,#3051,#3052,#3053),.UNSPECIFIED.,.F.,.F.,(4,4),(0.,31.1),.UNSPECIFIED.);
#3055=EDGE_CURVE('',#2705,#3036,#3054,.T.);
#3056=ORIENTED_EDGE('',*,*,#3055,.F.);
#3057=ORIENTED_EDGE('',*,*,#2717,.T.);
#3058=ORIENTED_EDGE('',*,*,#2590,.T.);
#3059=EDGE_LOOP('',(#3049,#3056,#3057,#3058));
#3060=FACE_BOUND('',#3059,.T.);
#3061=ADVANCED_FACE('SURF',(#3060),#3034,.T.);
#3062=CARTESIAN_POINT('',(142.6,-147.928778735,11.347833165));
#3063=CARTESIAN_POINT('',(143.345584412,-147.928778735,11.347833165));
#3064=CARTESIAN_POINT('',(144.010500925,-147.928778735,11.055708859));
#3065=CARTESIAN_POINT('',(144.509188309,-147.928778735,10.557021474));
#3066=CARTESIAN_POINT('',(144.50921188,-147.928778735,10.556997904));
#3067=CARTESIAN_POINT('',(144.50923545,-147.928778735,10.556974333));
#3068=CARTESIAN_POINT('',(144.509259019,-147.928778735,10.556950762));
#3069=CARTESIAN_POINT('',(145.007904639,-147.928778735,10.058268203));
#3070=CARTESIAN_POINT('',(145.3,-147.928778735,9.393378525));
#3071=CARTESIAN_POINT('',(145.3,-147.928778735,8.647833165));
#3072=CARTESIAN_POINT('',(142.6,-75.328778735,11.347833165));
#3073=CARTESIAN_POINT('',(143.345584412,-75.328778735,11.347833165));
#3074=CARTESIAN_POINT('',(144.010500925,-75.328778735,11.055708859));
#3075=CARTESIAN_POINT('',(144.509188309,-75.328778735,10.557021474));
#3076=CARTESIAN_POINT('',(144.50921188,-75.328778735,10.556997904));
#3077=CARTESIAN_POINT('',(144.50923545,-75.328778735,10.556974333));
#3078=CARTESIAN_POINT('',(144.509259019,-75.328778735,10.556950762));
#3079=CARTESIAN_POINT('',(145.007904639,-75.328778735,10.058268203));
#3080=CARTESIAN_POINT('',(145.3,-75.328778735,9.393378525));
#3081=CARTESIAN_POINT('',(145.3,-75.328778735,8.647833165));
#3082=(BOUNDED_SURFACE()
B_SPLINE_SURFACE(1,3,((#3062,#3063,#3064,#3065,#3066,#3067,#3068,#3069,#3070,#3071),(#3072,#3073,#3074,#3075,#3076,#3077,#3078,#3079,#3080,#3081)),.UNSPECIFIED.,.F.,.F.,.U.)
B_SPLINE_SURFACE_WITH_KNOTS((2,2),(4,3,3,4),(-75.4,-2.8),(315.,360.,360.002357023,405.),.UNSPECIFIED.)
GEOMETRIC_REPRESENTATION_ITEM()
RATIONAL_B_SPLINE_SURFACE(((0.853553391,0.853553391,0.902368927,1.,0.999994886,0.999989773,0.999984659,0.902363813,0.853553391,0.853553391),(0.853553391,0.853553391,0.902368927,1.,0.999994886,0.999989773,0.999984659,0.902363813,0.853553391,0.853553391)))
REPRESENTATION_ITEM('')
SURFACE()
);
#3083=ORIENTED_EDGE('',*,*,#2730,.T.);
#3084=CARTESIAN_POINT('',(142.6,-75.328778735,11.347833165));
#3085=VERTEX_POINT('',#3084);
#3086=CARTESIAN_POINT('',(142.6,-75.328778735,11.347833165));
#3087=CARTESIAN_POINT('',(142.6,-99.528778735,11.347833165));
#3088=CARTESIAN_POINT('',(142.6,-123.728778735,11.347833165));
#3089=CARTESIAN_POINT('',(142.6,-147.928778735,11.347833165));
#3090=B_SPLINE_CURVE_WITH_KNOTS('',3,(#3086,#3087,#3088,#3089),.UNSPECIFIED.,.F.,.F.,(4,4),(0.,72.6),.UNSPECIFIED.);
#3091=EDGE_CURVE('',#3085,#2705,#3090,.T.);
#3092=ORIENTED_EDGE('',*,*,#3091,.F.);
#3093=CARTESIAN_POINT('',(145.3,-75.328778735,8.647833165));
#3094=CARTESIAN_POINT('',(145.3,-75.328778735,9.393378525));
#3095=CARTESIAN_POINT('',(145.007904639,-75.328778735,10.058268203));
#3096=CARTESIAN_POINT('',(144.509259019,-75.328778735,10.556950762));
#3097=CARTESIAN_POINT('',(144.50923545,-75.328778735,10.556974333));
#3098=CARTESIAN_POINT('',(144.50921188,-75.328778735,10.556997904));
#3099=CARTESIAN_POINT('',(144.509188309,-75.328778735,10.557021474));
#3100=CARTESIAN_POINT('',(144.010500925,-75.328778735,11.055708859));
#3101=CARTESIAN_POINT('',(143.345584412,-75.328778735,11.347833165));
#3102=CARTESIAN_POINT('',(142.6,-75.328778735,11.347833165));
#3103=(BOUNDED_CURVE()
B_SPLINE_CURVE(3,(#3093,#3094,#3095,#3096,#3097,#3098,#3099,#3100,#3101,#3102),.UNSPECIFIED.,.F.,.F.)
B_SPLINE_CURVE_WITH_KNOTS((4,3,3,4),(315.,359.997642977,360.,405.),.UNSPECIFIED.)
CURVE()
GEOMETRIC_REPRESENTATION_ITEM()
RATIONAL_B_SPLINE_CURVE((0.853553391,0.853553391,0.902363813,0.999984659,0.999989773,0.999994886,1.,0.902368927,0.853553391,0.853553391))
REPRESENTATION_ITEM(''));
#3104=EDGE_CURVE('',#2950,#3085,#3103,.T.);
#3105=ORIENTED_EDGE('',*,*,#3104,.F.);
#3106=ORIENTED_EDGE('',*,*,#2955,.T.);
#3107=EDGE_LOOP('',(#3083,#3092,#3105,#3106));
#3108=FACE_BOUND('',#3107,.T.);
#3109=ADVANCED_FACE('SURF',(#3108),#3082,.T.);
#3110=CARTESIAN_POINT('',(108.8,-147.928779307,8.647833165));
#3111=CARTESIAN_POINT('',(108.799999665,-148.455986864,8.647833165));
#3112=CARTESIAN_POINT('',(108.427207499,-148.828778735,8.647833165));
#3113=CARTESIAN_POINT('',(107.9,-148.828778735,8.647833165));
#3114=CARTESIAN_POINT('',(107.899966666,-148.828778735,8.647833165));
#3115=CARTESIAN_POINT('',(107.899933332,-148.828778733,8.647833165));
#3116=CARTESIAN_POINT('',(107.899899998,-148.828778729,8.647833165));
#3117=CARTESIAN_POINT('',(107.372733938,-148.828720154,8.647833165));
#3118=CARTESIAN_POINT('',(107.000000351,-148.455935409,8.647833165));
#3119=CARTESIAN_POINT('',(107.,-147.928779334,8.647833165));
#3120=CARTESIAN_POINT('',(108.8,-147.928779307,9.393417577));
#3121=CARTESIAN_POINT('',(108.799999665,-148.455986864,9.39341767));
#3122=CARTESIAN_POINT('',(108.427207499,-148.828778735,9.496361384));
#3123=CARTESIAN_POINT('',(107.9,-148.828778735,9.641945715));
#3124=CARTESIAN_POINT('',(107.899966666,-148.828778735,9.64195492));
#3125=CARTESIAN_POINT('',(107.899933332,-148.828778733,9.641964125));
#3126=CARTESIAN_POINT('',(107.899899998,-148.828778729,9.64197333));
#3127=CARTESIAN_POINT('',(107.372733938,-148.828720154,9.787546217));
#3128=CARTESIAN_POINT('',(107.000000351,-148.455935409,9.890473755));
#3129=CARTESIAN_POINT('',(107.,-147.928779334,9.890473852));
#3130=CARTESIAN_POINT('',(109.092124306,-147.928779307,10.05833409));
#3131=CARTESIAN_POINT('',(109.092124007,-148.455986864,10.058334265));
#3132=CARTESIAN_POINT('',(108.759665787,-148.828778735,10.253083781));
#3133=CARTESIAN_POINT('',(108.289499075,-148.828778735,10.528501065));
#3134=CARTESIAN_POINT('',(108.289469348,-148.828778735,10.528518479));
#3135=CARTESIAN_POINT('',(108.28943962,-148.828778733,10.528535893));
#3136=CARTESIAN_POINT('',(108.289409893,-148.828778729,10.528553307));
#3137=CARTESIAN_POINT('',(107.819280136,-148.828720154,10.803948942));
#3138=CARTESIAN_POINT('',(107.486874157,-148.455935409,10.998667856));
#3139=CARTESIAN_POINT('',(107.486873844,-147.928779334,10.99866804));
#3140=CARTESIAN_POINT('',(109.590811691,-147.928779307,10.557021474));
#3141=CARTESIAN_POINT('',(109.590811454,-148.455986864,10.557021711));
#3142=CARTESIAN_POINT('',(109.327207586,-148.828778735,10.820625579));
#3143=CARTESIAN_POINT('',(108.954415588,-148.828778735,11.193417577));
#3144=CARTESIAN_POINT('',(108.954392017,-148.828778735,11.193441148));
#3145=CARTESIAN_POINT('',(108.954368446,-148.828778733,11.193464719));
#3146=CARTESIAN_POINT('',(108.954344875,-148.828778729,11.19348829));
#3147=CARTESIAN_POINT('',(108.58158218,-148.828720154,11.566250985));
#3148=CARTESIAN_POINT('',(108.318019733,-148.455935409,11.829813432));
#3149=CARTESIAN_POINT('',(108.318019485,-147.928779334,11.82981368));
#3150=CARTESIAN_POINT('',(109.590825833,-147.928779307,10.557035616));
#3151=CARTESIAN_POINT('',(109.590825596,-148.455986864,10.557035853));
#3152=CARTESIAN_POINT('',(109.32722368,-148.828778735,10.820641674));
#3153=CARTESIAN_POINT('',(108.954434444,-148.828778735,11.193436434));
#3154=CARTESIAN_POINT('',(108.954410874,-148.828778735,11.193460004));
#3155=CARTESIAN_POINT('',(108.954387303,-148.828778733,11.193483575));
#3156=CARTESIAN_POINT('',(108.954363732,-148.828778729,11.193507146));
#3157=CARTESIAN_POINT('',(108.581603798,-148.828720154,11.566272603));
#3158=CARTESIAN_POINT('',(108.318043303,-148.455935409,11.829837002));
#3159=CARTESIAN_POINT('',(108.318043055,-147.928779334,11.829837251));
#3160=CARTESIAN_POINT('',(109.590839975,-147.928779307,10.557049758));
#3161=CARTESIAN_POINT('',(109.590839738,-148.455986864,10.557049996));
#3162=CARTESIAN_POINT('',(109.327239775,-148.828778735,10.820657769));
#3163=CARTESIAN_POINT('',(108.9544533,-148.828778735,11.19345529));
#3164=CARTESIAN_POINT('',(108.95442973,-148.828778735,11.193478861));
#3165=CARTESIAN_POINT('',(108.95440616,-148.828778733,11.193502432));
#3166=CARTESIAN_POINT('',(108.954382589,-148.828778729,11.193526003));
#3167=CARTESIAN_POINT('',(108.581625416,-148.828720154,11.566294221));
#3168=CARTESIAN_POINT('',(108.318066874,-148.455935409,11.829860572));
#3169=CARTESIAN_POINT('',(108.318066626,-147.928779334,11.829860821));
#3170=CARTESIAN_POINT('',(109.590854118,-147.928779307,10.5570639));
#3171=CARTESIAN_POINT('',(109.590853881,-148.455986864,10.557064137));
#3172=CARTESIAN_POINT('',(109.327255871,-148.828778735,10.820673863));
#3173=CARTESIAN_POINT('',(108.954472157,-148.828778735,11.193474145));
#3174=CARTESIAN_POINT('',(108.954448587,-148.828778735,11.193497717));
#3175=CARTESIAN_POINT('',(108.954425017,-148.828778733,11.193521288));
#3176=CARTESIAN_POINT('',(108.954401446,-148.828778729,11.193544859));
#3177=CARTESIAN_POINT('',(108.581647034,-148.828720154,11.566315839));
#3178=CARTESIAN_POINT('',(108.318090445,-148.455935409,11.829884142));
#3179=CARTESIAN_POINT('',(108.318090196,-147.928779334,11.829884391));
#3180=CARTESIAN_POINT('',(110.089538606,-147.928779307,11.055726226));
#3181=CARTESIAN_POINT('',(110.089538431,-148.455986864,11.055726525));
#3182=CARTESIAN_POINT('',(109.894794373,-148.828778735,11.388187142));
#3183=CARTESIAN_POINT('',(109.619384809,-148.828778735,11.858357246));
#3184=CARTESIAN_POINT('',(109.619367395,-148.828778735,11.858386973));
#3185=CARTESIAN_POINT('',(109.619349982,-148.828778733,11.858416701));
#3186=CARTESIAN_POINT('',(109.619332568,-148.828778729,11.858446429));
#3187=CARTESIAN_POINT('',(109.343944651,-148.828720154,12.328579576));
#3188=CARTESIAN_POINT('',(109.149231194,-148.455935409,12.660987953));
#3189=CARTESIAN_POINT('',(109.149231011,-147.928779334,12.660988266));
#3190=CARTESIAN_POINT('',(110.754439017,-147.928779307,11.347833164));
#3191=CARTESIAN_POINT('',(110.754438925,-148.455986864,11.347833499));
#3192=CARTESIAN_POINT('',(110.651498446,-148.828778735,11.720625665));
#3193=CARTESIAN_POINT('',(110.50591869,-148.828778735,12.247833164));
#3194=CARTESIAN_POINT('',(110.505909485,-148.828778735,12.247866498));
#3195=CARTESIAN_POINT('',(110.505900281,-148.828778733,12.247899832));
#3196=CARTESIAN_POINT('',(110.505891076,-148.828778729,12.247933166));
#3197=CARTESIAN_POINT('',(110.360322763,-148.828720154,12.775099226));
#3198=CARTESIAN_POINT('',(110.257398459,-148.455935409,13.147832813));
#3199=CARTESIAN_POINT('',(110.257398362,-147.928779334,13.147833164));
#3200=CARTESIAN_POINT('',(111.499999997,-147.928779307,11.347833165));
#3201=CARTESIAN_POINT('',(111.499999997,-148.455986864,11.3478335));
#3202=CARTESIAN_POINT('',(111.499999997,-148.828778735,11.720625666));
#3203=CARTESIAN_POINT('',(111.499999996,-148.828778735,12.247833165));
#3204=CARTESIAN_POINT('',(111.499999996,-148.828778735,12.247866499));
#3205=CARTESIAN_POINT('',(111.499999996,-148.828778733,12.247899833));
#3206=CARTESIAN_POINT('',(111.499999996,-148.828778729,12.247933167));
#3207=CARTESIAN_POINT('',(111.499999996,-148.828720154,12.775099227));
#3208=CARTESIAN_POINT('',(111.499999995,-148.455935409,13.147832814));
#3209=CARTESIAN_POINT('',(111.499999995,-147.928779334,13.147833165));
#3210=(BOUNDED_SURFACE()
B_SPLINE_SURFACE(3,3,((#3110,#3111,#3112,#3113,#3114,#3115,#3116,#3117,#3118,#3119),(#3120,#3121,#3122,#3123,#3124,#3125,#3126,#3127,#3128,#3129),(#3130,#3131,#3132,#3133,#3134,#3135,#3136,#3137,#3138,#3139),(#3140,#3141,#3142,#3143,#3144,#3145,#3146,#3147,#3148,#3149),(#3150,#3151,#3152,#3153,#3154,#3155,#3156,#3157,#3158,#3159),(#3160,#3161,#3162,#3163,#3164,#3165,#3166,#3167,#3168,#3169),(#3170,#3171,#3172,#3173,#3174,#3175,#3176,#3177,#3178,#3179),(#3180,#3181,#3182,#3183,#3184,#3185,#3186,#3187,#3188,#3189),(#3190,#3191,#3192,#3193,#3194,#3195,#3196,#3197,#3198,#3199),(#3200,#3201,#3202,#3203,#3204,#3205,#3206,#3207,#3208,#3209)),.UNSPECIFIED.,.F.,.F.,.U.)
B_SPLINE_SURFACE_WITH_KNOTS((4,3,3,4),(4,3,3,4),(-0.,45.,45.001414214,89.999999942),(180.000040464,270.,270.007071068,359.999957613),.UNSPECIFIED.)
GEOMETRIC_REPRESENTATION_ITEM()
RATIONAL_B_SPLINE_SURFACE(((0.853553166,0.686886724,0.686886799,0.853553391,0.853540296,0.853527202,0.85351411,0.686886803,0.686899818,0.853553155),(0.853553166,0.686886724,0.686886799,0.853553391,0.853540296,0.853527202,0.85351411,0.686886803,0.686899818,0.853553155),(0.902368689,0.726170434,0.726170513,0.902368927,0.902355084,0.902341241,0.9023274,0.726170518,0.726184277,0.902368678),(0.999999737,0.804737854,0.804737942,1.,0.999984659,0.999969319,0.99995398,0.804737947,0.804753195,0.999999724),(0.999996668,0.804735385,0.804735473,0.999996932,0.999981591,0.999966251,0.999950912,0.804735478,0.804750726,0.999996656),(0.9999936,0.804732916,0.804733004,0.999993864,0.999978522,0.999963182,0.999947844,0.804733009,0.804748257,0.999993588),(0.999990532,0.804730447,0.804730535,0.999990795,0.999975454,0.999960114,0.999944776,0.80473054,0.804745788,0.99999052),(0.902365621,0.726167965,0.726168044,0.902365859,0.902352016,0.902338173,0.902324332,0.726168049,0.726181808,0.90236561),(0.853553166,0.686886724,0.686886799,0.853553391,0.853540296,0.853527203,0.85351411,0.686886804,0.686899819,0.853553155),(0.853553166,0.686886724,0.686886799,0.853553391,0.853540296,0.853527202,0.85351411,0.686886803,0.686899818,0.853553155)))
REPRESENTATION_ITEM('')
SURFACE()
);
#3211=ORIENTED_EDGE('',*,*,#2811,.T.);
#3212=CARTESIAN_POINT('',(111.5,-147.928778735,11.347833165));
#3213=CARTESIAN_POINT('',(110.75445464,-147.928778735,11.347833165));
#3214=CARTESIAN_POINT('',(110.089564962,-147.928778735,11.055737805));
#3215=CARTESIAN_POINT('',(109.590882403,-147.928778735,10.557092184));
#3216=CARTESIAN_POINT('',(109.590858832,-147.928778735,10.557068615));
#3217=CARTESIAN_POINT('',(109.590835261,-147.928778735,10.557045045));
#3218=CARTESIAN_POINT('',(109.590811691,-147.928778735,10.557021474));
#3219=CARTESIAN_POINT('',(109.092124306,-147.928778735,10.05833409));
#3220=CARTESIAN_POINT('',(108.8,-147.928778735,9.393417577));
#3221=CARTESIAN_POINT('',(108.8,-147.928778735,8.647833165));
#3222=(BOUNDED_CURVE()
B_SPLINE_CURVE(3,(#3212,#3213,#3214,#3215,#3216,#3217,#3218,#3219,#3220,#3221),.UNSPECIFIED.,.F.,.F.)
B_SPLINE_CURVE_WITH_KNOTS((4,3,3,4),(-45.,-0.002357023,-0.,45.),.UNSPECIFIED.)
CURVE()
GEOMETRIC_REPRESENTATION_ITEM()
RATIONAL_B_SPLINE_CURVE((0.853553391,0.853553391,0.902363813,0.999984659,0.999989773,0.999994886,1.,0.902368927,0.853553391,0.853553391))
REPRESENTATION_ITEM(''));
#3223=EDGE_CURVE('',#3036,#2799,#3222,.T.);
#3224=ORIENTED_EDGE('',*,*,#3223,.F.);
#3225=ORIENTED_EDGE('',*,*,#3048,.T.);
#3226=ORIENTED_EDGE('',*,*,#2769,.T.);
#3227=EDGE_LOOP('',(#3211,#3224,#3225,#3226));
#3228=FACE_BOUND('',#3227,.T.);
#3229=ADVANCED_FACE('SURF',(#3228),#3210,.T.);
#3230=CARTESIAN_POINT('',(108.8,-111.628778735,44.947833165));
#3231=DIRECTION('',(1.,-0.,-0.));
#3232=DIRECTION('',(-0.,-0.707106781,-0.707106781));
#3233=AXIS2_PLACEMENT_3D('',#3230,#3231,#3232);
#3234=PLANE('',#3233);
#3235=ORIENTED_EDGE('',*,*,#2820,.T.);
#3236=ORIENTED_EDGE('',*,*,#3009,.T.);
#3237=CARTESIAN_POINT('',(108.8,-75.328778735,8.647833165));
#3238=VERTEX_POINT('',#3237);
#3239=CARTESIAN_POINT('',(108.8,-75.328778735,8.647833165));
#3240=CARTESIAN_POINT('',(108.8,-75.328778735,-3.352166835));
#3241=B_SPLINE_CURVE_WITH_KNOTS('',1,(#3239,#3240),.UNSPECIFIED.,.F.,.F.,(2,2),(0.,1.),.UNSPECIFIED.);
#3242=EDGE_CURVE('',#3238,#2990,#3241,.T.);
#3243=ORIENTED_EDGE('',*,*,#3242,.F.);
#3244=CARTESIAN_POINT('',(108.8,-147.928778735,8.647833165));
#3245=DIRECTION('',(0.,1.,0.));
#3246=VECTOR('',#3245,72.6);
#3247=LINE('',#3244,#3246);
#3248=EDGE_CURVE('',#2799,#3238,#3247,.T.);
#3249=ORIENTED_EDGE('',*,*,#3248,.F.);
#3250=EDGE_LOOP('',(#3235,#3236,#3243,#3249));
#3251=FACE_BOUND('',#3250,.T.);
#3252=ADVANCED_FACE('SURF',(#3251),#3234,.T.);
#3253=CARTESIAN_POINT('',(127.05,-75.328778735,28.016209784));
#3254=DIRECTION('',(-0.,-1.,-0.));
#3255=DIRECTION('',(-0.707106781,0.,-0.707106781));
#3256=AXIS2_PLACEMENT_3D('',#3253,#3254,#3255);
#3257=PLANE('',#3256);
#3258=ORIENTED_EDGE('',*,*,#2884,.T.);
#3259=ORIENTED_EDGE('',*,*,#2937,.T.);
#3260=ORIENTED_EDGE('',*,*,#2960,.T.);
#3261=ORIENTED_EDGE('',*,*,#3104,.T.);
#3262=CARTESIAN_POINT('',(111.5,-75.328778735,11.347833165));
#3263=VERTEX_POINT('',#3262);
#3264=CARTESIAN_POINT('',(111.5,-75.328778735,11.347833165));
#3265=CARTESIAN_POINT('',(142.6,-75.328778735,11.347833165));
#3266=B_SPLINE_CURVE_WITH_KNOTS('',1,(#3264,#3265),.UNSPECIFIED.,.F.,.F.,(2,2),(0.,1.),.UNSPECIFIED.);
#3267=EDGE_CURVE('',#3263,#3085,#3266,.T.);
#3268=ORIENTED_EDGE('',*,*,#3267,.F.);
#3269=CARTESIAN_POINT('',(108.8,-75.328778735,8.647833165));
#3270=CARTESIAN_POINT('',(108.8,-75.328778735,9.393417577));
#3271=CARTESIAN_POINT('',(109.092124306,-75.328778735,10.05833409));
#3272=CARTESIAN_POINT('',(109.590811691,-75.328778735,10.557021474));
#3273=CARTESIAN_POINT('',(109.590835261,-75.328778735,10.557045045));
#3274=CARTESIAN_POINT('',(109.590858832,-75.328778735,10.557068615));
#3275=CARTESIAN_POINT('',(109.590882403,-75.328778735,10.557092184));
#3276=CARTESIAN_POINT('',(110.089564962,-75.328778735,11.055737805));
#3277=CARTESIAN_POINT('',(110.75445464,-75.328778735,11.347833165));
#3278=CARTESIAN_POINT('',(111.5,-75.328778735,11.347833165));
#3279=(BOUNDED_CURVE()
B_SPLINE_CURVE(3,(#3269,#3270,#3271,#3272,#3273,#3274,#3275,#3276,#3277,#3278),.UNSPECIFIED.,.F.,.F.)
B_SPLINE_CURVE_WITH_KNOTS((4,3,3,4),(-45.,0.,0.002357023,45.),.UNSPECIFIED.)
CURVE()
GEOMETRIC_REPRESENTATION_ITEM()
RATIONAL_B_SPLINE_CURVE((0.853553391,0.853553391,0.902368927,1.,0.999994886,0.999989773,0.999984659,0.902363813,0.853553391,0.853553391))
REPRESENTATION_ITEM(''));
#3280=EDGE_CURVE('',#3238,#3263,#3279,.T.);
#3281=ORIENTED_EDGE('',*,*,#3280,.F.);
#3282=ORIENTED_EDGE('',*,*,#3242,.T.);
#3283=ORIENTED_EDGE('',*,*,#3002,.T.);
#3284=EDGE_LOOP('',(#3258,#3259,#3260,#3261,#3268,#3281,#3282,#3283));
#3285=FACE_BOUND('',#3284,.T.);
#3286=ADVANCED_FACE('SURF',(#3285),#3257,.T.);
#3287=CARTESIAN_POINT('',(178.9,-111.628778735,11.347833165));
#3288=DIRECTION('',(0.,0.,-1.));
#3289=DIRECTION('',(-0.707106781,-0.707106781,-0.));
#3290=AXIS2_PLACEMENT_3D('',#3287,#3288,#3289);
#3291=PLANE('',#3290);
#3292=CARTESIAN_POINT('',(133.096,-122.591,11.347833165));
#3293=VERTEX_POINT('',#3292);
#3294=CARTESIAN_POINT('',(133.096,-114.091,11.347833165));
#3295=VERTEX_POINT('',#3294);
#3296=CARTESIAN_POINT('',(133.096,-118.341,11.347833165));
#3297=DIRECTION('',(0.,0.,-1.));
#3298=DIRECTION('',(0.,1.,0.));
#3299=AXIS2_PLACEMENT_3D('',#3296,#3297,#3298);
#3300=CIRCLE('',#3299,4.25);
#3301=EDGE_CURVE('',#3293,#3295,#3300,.T.);
#3302=ORIENTED_EDGE('',*,*,#3301,.F.);
#3303=CARTESIAN_POINT('',(133.096,-118.341,11.347833165));
#3304=DIRECTION('',(0.,0.,-1.));
#3305=DIRECTION('',(0.,1.,0.));
#3306=AXIS2_PLACEMENT_3D('',#3303,#3304,#3305);
#3307=CIRCLE('',#3306,4.25);
#3308=EDGE_CURVE('',#3295,#3293,#3307,.T.);
#3309=ORIENTED_EDGE('',*,*,#3308,.F.);
#3310=EDGE_LOOP('',(#3302,#3309));
#3311=FACE_BOUND('',#3310,.T.);
#3312=CARTESIAN_POINT('',(132.16,-101.358,11.347833165));
#3313=VERTEX_POINT('',#3312);
#3314=CARTESIAN_POINT('',(132.16,-91.458,11.347833165));
#3315=VERTEX_POINT('',#3314);
#3316=CARTESIAN_POINT('',(132.16,-96.408,11.347833165));
#3317=DIRECTION('',(0.,0.,-1.));
#3318=DIRECTION('',(0.,1.,0.));
#3319=AXIS2_PLACEMENT_3D('',#3316,#3317,#3318);
#3320=CIRCLE('',#3319,4.95);
#3321=EDGE_CURVE('',#3313,#3315,#3320,.T.);
#3322=ORIENTED_EDGE('',*,*,#3321,.F.);
#3323=CARTESIAN_POINT('',(132.16,-96.408,11.347833165));
#3324=DIRECTION('',(0.,0.,-1.));
#3325=DIRECTION('',(0.,1.,0.));
#3326=AXIS2_PLACEMENT_3D('',#3323,#3324,#3325);
#3327=CIRCLE('',#3326,4.95);
#3328=EDGE_CURVE('',#3315,#3313,#3327,.T.);
#3329=ORIENTED_EDGE('',*,*,#3328,.F.);
#3330=EDGE_LOOP('',(#3322,#3329));
#3331=FACE_BOUND('',#3330,.T.);
#3332=ORIENTED_EDGE('',*,*,#3055,.T.);
#3333=CARTESIAN_POINT('',(111.5,-75.328778735,11.347833165));
#3334=DIRECTION('',(-0.,-1.,-0.));
#3335=VECTOR('',#3334,72.6);
#3336=LINE('',#3333,#3335);
#3337=EDGE_CURVE('',#3263,#3036,#3336,.T.);
#3338=ORIENTED_EDGE('',*,*,#3337,.F.);
#3339=ORIENTED_EDGE('',*,*,#3267,.T.);
#3340=ORIENTED_EDGE('',*,*,#3091,.T.);
#3341=EDGE_LOOP('',(#3332,#3338,#3339,#3340));
#3342=FACE_BOUND('',#3341,.T.);
#3343=ADVANCED_FACE('SURF',(#3311,#3331,#3342),#3291,.T.);
#3344=CARTESIAN_POINT('',(108.8,-147.928778735,8.647833165));
#3345=CARTESIAN_POINT('',(108.8,-147.928778735,9.393417577));
#3346=CARTESIAN_POINT('',(109.092124306,-147.928778735,10.05833409));
#3347=CARTESIAN_POINT('',(109.590811691,-147.928778735,10.557021474));
#3348=CARTESIAN_POINT('',(109.590835261,-147.928778735,10.557045045));
#3349=CARTESIAN_POINT('',(109.590858832,-147.928778735,10.557068615));
#3350=CARTESIAN_POINT('',(109.590882403,-147.928778735,10.557092184));
#3351=CARTESIAN_POINT('',(110.089564962,-147.928778735,11.055737805));
#3352=CARTESIAN_POINT('',(110.75445464,-147.928778735,11.347833165));
#3353=CARTESIAN_POINT('',(111.5,-147.928778735,11.347833165));
#3354=CARTESIAN_POINT('',(108.8,-75.328778735,8.647833165));
#3355=CARTESIAN_POINT('',(108.8,-75.328778735,9.393417577));
#3356=CARTESIAN_POINT('',(109.092124306,-75.328778735,10.05833409));
#3357=CARTESIAN_POINT('',(109.590811691,-75.328778735,10.557021474));
#3358=CARTESIAN_POINT('',(109.590835261,-75.328778735,10.557045045));
#3359=CARTESIAN_POINT('',(109.590858832,-75.328778735,10.557068615));
#3360=CARTESIAN_POINT('',(109.590882403,-75.328778735,10.557092184));
#3361=CARTESIAN_POINT('',(110.089564962,-75.328778735,11.055737805));
#3362=CARTESIAN_POINT('',(110.75445464,-75.328778735,11.347833165));
#3363=CARTESIAN_POINT('',(111.5,-75.328778735,11.347833165));
#3364=(BOUNDED_SURFACE()
B_SPLINE_SURFACE(1,3,((#3344,#3345,#3346,#3347,#3348,#3349,#3350,#3351,#3352,#3353),(#3354,#3355,#3356,#3357,#3358,#3359,#3360,#3361,#3362,#3363)),.UNSPECIFIED.,.F.,.F.,.U.)
B_SPLINE_SURFACE_WITH_KNOTS((2,2),(4,3,3,4),(-75.4,-2.8),(-45.,0.,0.002357023,45.),.UNSPECIFIED.)
GEOMETRIC_REPRESENTATION_ITEM()
RATIONAL_B_SPLINE_SURFACE(((0.853553391,0.853553391,0.902368927,1.,0.999994886,0.999989773,0.999984659,0.902363813,0.853553391,0.853553391),(0.853553391,0.853553391,0.902368927,1.,0.999994886,0.999989773,0.999984659,0.902363813,0.853553391,0.853553391)))
REPRESENTATION_ITEM('')
SURFACE()
);
#3365=ORIENTED_EDGE('',*,*,#3223,.T.);
#3366=ORIENTED_EDGE('',*,*,#3248,.T.);
#3367=ORIENTED_EDGE('',*,*,#3280,.T.);
#3368=ORIENTED_EDGE('',*,*,#3337,.T.);
#3369=EDGE_LOOP('',(#3365,#3366,#3367,#3368));
#3370=FACE_BOUND('',#3369,.T.);
#3371=ADVANCED_FACE('SURF',(#3370),#3364,.T.);
#3372=CARTESIAN_POINT('',(132.16,-96.408,10.347833165));
#3373=DIRECTION('',(0.,-0.,1.));
#3374=DIRECTION('',(0.,-1.,-0.));
#3375=AXIS2_PLACEMENT_3D('',#3372,#3373,#3374);
#3376=CYLINDRICAL_SURFACE('',#3375,4.95);
#3377=CARTESIAN_POINT('',(132.16,-101.358,13.147833165));
#3378=DIRECTION('',(-0.,0.,-1.));
#3379=VECTOR('',#3378,1.8);
#3380=LINE('',#3377,#3379);
#3381=EDGE_CURVE('',#2574,#3313,#3380,.T.);
#3382=ORIENTED_EDGE('',*,*,#3381,.F.);
#3383=ORIENTED_EDGE('',*,*,#2580,.T.);
#3384=ORIENTED_EDGE('',*,*,#3381,.T.);
#3385=ORIENTED_EDGE('',*,*,#3321,.T.);
#3386=ORIENTED_EDGE('',*,*,#3328,.T.);
#3387=EDGE_LOOP('',(#3382,#3383,#3384,#3385,#3386));
#3388=FACE_BOUND('',#3387,.T.);
#3389=ADVANCED_FACE('',(#3388),#3376,.F.);
#3390=CARTESIAN_POINT('',(133.096,-118.341,6.747833165));
#3391=DIRECTION('',(0.,-0.,1.));
#3392=DIRECTION('',(0.,-1.,-0.));
#3393=AXIS2_PLACEMENT_3D('',#3390,#3391,#3392);
#3394=CYLINDRICAL_SURFACE('',#3393,4.25);
#3395=CARTESIAN_POINT('',(133.096,-122.591,13.147833165));
#3396=DIRECTION('',(-0.,0.,-1.));
#3397=VECTOR('',#3396,1.8);
#3398=LINE('',#3395,#3397);
#3399=EDGE_CURVE('',#2563,#3293,#3398,.T.);
#3400=ORIENTED_EDGE('',*,*,#3399,.F.);
#3401=ORIENTED_EDGE('',*,*,#2569,.T.);
#3402=ORIENTED_EDGE('',*,*,#3399,.T.);
#3403=ORIENTED_EDGE('',*,*,#3301,.T.);
#3404=ORIENTED_EDGE('',*,*,#3308,.T.);
#3405=EDGE_LOOP('',(#3400,#3401,#3402,#3403,#3404));
#3406=FACE_BOUND('',#3405,.T.);
#3407=ADVANCED_FACE('',(#3406),#3394,.F.);
#3408=CARTESIAN_POINT('',(138.65,-100.25,-5.452166835));
#3409=DIRECTION('',(0.,0.,-1.));
#3410=DIRECTION('',(0.,1.,0.));
#3411=AXIS2_PLACEMENT_3D('',#3408,#3409,#3410);
#3412=CYLINDRICAL_SURFACE('',#3411,1.75);
#3413=CARTESIAN_POINT('',(138.65,-98.5,-7.852166835));
#3414=DIRECTION('',(-0.,-0.,1.));
#3415=VECTOR('',#3414,1.8);
#3416=LINE('',#3413,#3415);
#3417=EDGE_CURVE('',#1783,#2851,#3416,.T.);
#3418=ORIENTED_EDGE('',*,*,#3417,.F.);
#3419=ORIENTED_EDGE('',*,*,#1789,.T.);
#3420=ORIENTED_EDGE('',*,*,#3417,.T.);
#3421=ORIENTED_EDGE('',*,*,#2859,.T.);
#3422=ORIENTED_EDGE('',*,*,#2866,.T.);
#3423=EDGE_LOOP('',(#3418,#3419,#3420,#3421,#3422));
#3424=FACE_BOUND('',#3423,.T.);
#3425=ADVANCED_FACE('',(#3424),#3412,.F.);
#3426=CARTESIAN_POINT('',(122.6,-110.6,-5.652166835));
#3427=DIRECTION('',(0.,0.,-1.));
#3428=DIRECTION('',(0.,1.,0.));
#3429=AXIS2_PLACEMENT_3D('',#3426,#3427,#3428);
#3430=CYLINDRICAL_SURFACE('',#3429,10.);
#3431=CARTESIAN_POINT('',(122.6,-100.6,-7.852166835));
#3432=DIRECTION('',(-0.,-0.,1.));
#3433=VECTOR('',#3432,1.8);
#3434=LINE('',#3431,#3433);
#3435=EDGE_CURVE('',#1772,#2831,#3434,.T.);
#3436=ORIENTED_EDGE('',*,*,#3435,.F.);
#3437=ORIENTED_EDGE('',*,*,#1778,.T.);
#3438=ORIENTED_EDGE('',*,*,#3435,.T.);
#3439=ORIENTED_EDGE('',*,*,#2839,.T.);
#3440=ORIENTED_EDGE('',*,*,#2846,.T.);
#3441=EDGE_LOOP('',(#3436,#3437,#3438,#3439,#3440));
#3442=FACE_BOUND('',#3441,.T.);
#3443=ADVANCED_FACE('',(#3442),#3430,.F.);
#3444=CLOSED_SHELL('',(#861,#923,#953,#1015,#1077,#1117,#1141,#1203,#1337,#1385,#1519,#1543,#1677,#1717,#1765,#1818,#1866,#1890,#1938,#1986,#2034,#2154,#2178,#2240,#2374,#2422,
#2556,#2602,#2736,#2776,#2824,#2894,#2942,#2965,#3013,#3061,#3109,#3229,#3252,#3286,#3343,#3371,#3389,#3407,#3425,#3443));
#3445=MANIFOLD_SOLID_BREP('Imported 02',#3444);
#822=STYLED_ITEM('',(#765),#3445);
#803=SHAPE_REPRESENTATION('SURF',(#15),#801);
#804=ADVANCED_BREP_SHAPE_REPRESENTATION('SURF',(#3445),#801);
#3453=SHAPE_REPRESENTATION_RELATIONSHIP('','',#803,#804);
#3454=CARTESIAN_POINT('',(0.,0.,0.));
#3455=DIRECTION('',(0.,0.,1.));
#3456=DIRECTION('',(1.,0.,0.));
#3457=AXIS2_PLACEMENT_3D('',#3454,#3455,#3456);
#3459=MAPPED_ITEM('',#3458,#3457);
#3458=REPRESENTATION_MAP(#3457,#803);
#3460=APPLICATION_CONTEXT('Managed model based 3d engineering');
#3461=APPLICATION_PROTOCOL_DEFINITION('international standard','ap242_managed_model_based_3d_engineering',2014,#3460);
#3462=PRODUCT_CONTEXT('',#3460,'mechanical');
#3463=PRODUCT_DEFINITION_CONTEXT('part definition',#3460,'design');
#811=PRODUCT('SURF','SURF','',(#3462));
#3464=PRODUCT_RELATED_PRODUCT_CATEGORY('part','',(#811));
#3465=PRODUCT_DEFINITION_FORMATION_WITH_SPECIFIED_SOURCE('','',#811,.NOT_KNOWN.);
#812=PRODUCT_DEFINITION('design','',#3465,#3463);
#810=PRODUCT_DEFINITION_SHAPE('','',#812);
#3466=SHAPE_DEFINITION_REPRESENTATION(#810,#803);
#802=DRAUGHTING_MODEL('',(#3459),#801);
#775=SHAPE_REPRESENTATION('Frisk.iges',(#15,#816),#773);
#3467=CARTESIAN_POINT('',(0.,0.,0.));
#3468=DIRECTION('',(0.,0.,1.));
#3469=DIRECTION('',(1.,0.,0.));
#3470=AXIS2_PLACEMENT_3D('',#3467,#3468,#3469);
#3472=MAPPED_ITEM('',#3471,#3470);
#3471=REPRESENTATION_MAP(#3470,#775);
#783=PRODUCT('Frisk.iges','Frisk.iges','',(#3462));
#3473=PRODUCT_RELATED_PRODUCT_CATEGORY('part','',(#783));
#3474=PRODUCT_DEFINITION_FORMATION_WITH_SPECIFIED_SOURCE('','',#783,.NOT_KNOWN.);
#784=PRODUCT_DEFINITION('design','',#3474,#3463);
#782=PRODUCT_DEFINITION_SHAPE('','',#784);
#3475=SHAPE_DEFINITION_REPRESENTATION(#782,#775);
#774=DRAUGHTING_MODEL('',(#3472),#773);
#16=SHAPE_REPRESENTATION('root',(#15,#788),#10);
#17=ADVANCED_BREP_SHAPE_REPRESENTATION('root',(#758),#10);
#3483=SHAPE_REPRESENTATION_RELATIONSHIP('','',#16,#17);
#3484=CARTESIAN_POINT('',(0.,0.,0.));
#3485=DIRECTION('',(0.,0.,1.));
#3486=DIRECTION('',(1.,0.,0.));
#3487=AXIS2_PLACEMENT_3D('',#3484,#3485,#3486);
#3489=MAPPED_ITEM('',#3488,#3487);
#3488=REPRESENTATION_MAP(#3487,#16);
#24=PRODUCT('root','root','',(#3462));
#3490=PRODUCT_RELATED_PRODUCT_CATEGORY('part','',(#24));
#3491=PRODUCT_DEFINITION_FORMATION_WITH_SPECIFIED_SOURCE('','',#24,.NOT_KNOWN.);
#25=PRODUCT_DEFINITION('design','',#3491,#3463);
#23=PRODUCT_DEFINITION_SHAPE('','',#25);
#3492=SHAPE_DEFINITION_REPRESENTATION(#23,#16);
#11=DRAUGHTING_MODEL('',(#3489),#10);
#3493=DESCRIPTIVE_REPRESENTATION_ITEM('KEY','C:\\Users\\Linus\\AppData\\Local\\Packages\\Shapr3D.Shapr3D_dvv5p1vgwv6mp\\TempState\\10e7dc0b-d4db-4a88-b1e9-35adfab94fea.tmp');
#3494=PROPERTY_DEFINITION('KEY','',#25);
#3495=REPRESENTATION('',(#3493),#10);
#3496=PROPERTY_DEFINITION_REPRESENTATION(#3494,#3495);
#3497=GENERAL_PROPERTY('','KEY','');
#3498=GENERAL_PROPERTY_ASSOCIATION('','',#3497,#3494);
#1=MECHANICAL_DESIGN_GEOMETRIC_PRESENTATION_REPRESENTATION('',(#26,#822),#10);
ENDSEC;
END-ISO-10303-21;
